Customer_ID,Customer_Name,Age,Gender,City,Subscription_Plan,Monthly_Charge,Tenure_Months,Internet_Type,Call_Minutes,Data_Usage_GB,Payment_Method,Customer_Support_Calls,Churn_Status,Total_Revenue
CUST0001,Rahul Kumar,25,Male,Chennai,Basic,499,12,4G,1200,45.5,UPI,2,No,5988
CUST0002,Priya Sharma,32,Female,Madurai,Premium,1499,24,Fiber,3400,250.8,Credit Card,1,No,35976
CUST0003,Arjun Singh,29,Male,Coimbatore,Standard,899,18,5G,2100,120.4,Debit Card,3,Yes,16182
CUST0004,Sneha Patel,41,Female,Trichy,Family,1999,36,Fiber,4500,400.6,Net Banking,0,No,71964
CUST0005,Karthik Raj,27,Male,Salem,Basic,599,10,4G,980,60.2,Cash,5,Yes,5990
CUST0006,Meena Devi,35,Female,Erode,Premium,1599,30,5G,3900,310.5,UPI,2,No,47970
CUST0007,Vivek Anand,45,Male,Chennai,Standard,999,20,DSL,2400,150.3,Credit Card,4,No,19980
CUST0008,Anjali Nair,31,Female,Madurai,Family,2199,48,Fiber,4800,450.9,Net Banking,1,No,105552
CUST0009,Suresh Babu,38,Male,Tirunelveli,Basic,450,8,4G,850,35.7,Cash,6,Yes,3600
CUST0010,Divya Krishnan,26,Female,Vellore,Premium,1399,16,5G,3200,210.4,Debit Card,2,No,22384
CUST0011,Ajith Kumar,42,Male,Chennai,Family,2499,60,Fiber,5200,500.5,Credit Card,0,No,149940
CUST0012,Pooja Sharma,24,Female,Madurai,Standard,850,14,4G,1700,90.3,UPI,3,Yes,11900
CUST0013,Manoj Verma,37,Male,Coimbatore,Premium,1750,28,Fiber,3600,280.7,Net Banking,2,No,49000
CUST0014,Kavya Rani,30,Female,Trichy,Basic,520,9,DSL,780,40.6,Cash,5,Yes,4680
CUST0015,Ramesh Gupta,50,Male,Salem,Family,2100,54,5G,4900,420.2,Credit Card,1,No,113400
CUST0016,Lakshmi Priya,28,Female,Erode,Standard,950,22,4G,2300,140.5,Debit Card,3,No,20900
CUST0017,Harish Kumar,33,Male,Chennai,Premium,1650,26,Fiber,3500,270.8,UPI,2,No,42900
CUST0018,Nisha Patel,39,Female,Madurai,Family,2250,42,5G,4600,390.4,Net Banking,1,No,94500
CUST0019,Ganesh Ravi,27,Male,Tirunelveli,Basic,480,7,4G,920,38.9,Cash,7,Yes,3360
CUST0020,Rekha Devi,34,Female,Vellore,Premium,1450,19,Fiber,3100,220.1,Credit Card,2,No,27550
CUST0021,Arun Prakash,29,Male,Chennai,Standard,980,17,5G,2400,155.4,Debit Card,4,No,16660
CUST0022,Swathi Iyer,36,Female,Madurai,Family,2350,50,Fiber,5000,480.2,Net Banking,0,No,117500
CUST0023,Deepak Singh,31,Male,Coimbatore,Basic,550,11,DSL,1100,55.6,Cash,5,Yes,6050
CUST0024,Aarthi Mohan,25,Female,Trichy,Premium,1520,21,5G,3300,240.5,UPI,2,No,31920
CUST0025,Sanjay Kumar,43,Male,Salem,Family,2450,58,Fiber,5100,510.7,Credit Card,1,No,142100
CUST0026,Keerthana S,27,Female,Erode,Standard,920,15,4G,2000,125.4,Debit Card,3,No,13800
CUST0027,Praveen Raj,35,Male,Chennai,Premium,1680,27,Fiber,3700,290.6,Net Banking,2,No,45360
CUST0028,Monica Devi,40,Female,Madurai,Basic,510,8,DSL,850,42.8,Cash,6,Yes,4080
CUST0029,Vinoth Kumar,32,Male,Coimbatore,Family,2200,46,5G,4700,430.3,Credit Card,1,No,101200
CUST0030,Shalini Gupta,26,Female,Trichy,Premium,1480,18,Fiber,3000,215.7,UPI,2,No,26640
CUST0031,Rohit Sharma,28,Male,Chennai,Basic,530,9,4G,1050,48.5,UPI,4,Yes,4770
CUST0032,Ananya Das,33,Female,Madurai,Premium,1580,25,Fiber,3600,275.2,Credit Card,2,No,39500
CUST0033,Kiran Kumar,41,Male,Coimbatore,Standard,1020,20,5G,2500,165.7,Debit Card,3,No,20400
CUST0034,Reshma Devi,24,Female,Trichy,Family,2280,40,Fiber,4700,410.4,Net Banking,1,No,91200
CUST0035,Naveen Raj,37,Male,Salem,Basic,480,7,DSL,920,39.6,Cash,6,Yes,3360
CUST0036,Deepa Nair,29,Female,Erode,Premium,1490,22,5G,3150,225.8,UPI,2,No,32780
CUST0037,Vijay Anand,45,Male,Chennai,Family,2400,55,Fiber,5200,505.5,Credit Card,0,No,132000
CUST0038,Priyanka Rao,31,Female,Madurai,Standard,970,16,4G,2100,135.2,Debit Card,4,No,15520
CUST0039,Ashok Verma,39,Male,Tirunelveli,Basic,560,10,DSL,1150,58.7,Cash,5,Yes,5600
CUST0040,Harini S,27,Female,Vellore,Premium,1620,28,Fiber,3400,260.5,Net Banking,1,No,45360
CUST0041,Gokul Krishna,35,Male,Chennai,Standard,950,18,5G,2350,148.9,Credit Card,3,No,17100
CUST0042,Meera Patel,42,Female,Madurai,Family,2350,52,Fiber,5000,470.6,UPI,1,No,122200
CUST0043,Siva Kumar,30,Male,Coimbatore,Basic,510,8,4G,980,44.3,Cash,7,Yes,4080
CUST0044,Janani Devi,26,Female,Trichy,Premium,1550,24,5G,3250,235.1,Debit Card,2,No,37200
CUST0045,Balaji Ravi,48,Male,Salem,Family,2450,60,Fiber,5400,520.8,Credit Card,0,No,147000
CUST0046,Swetha Iyer,32,Female,Erode,Standard,890,14,DSL,1900,118.4,UPI,4,No,12460
CUST0047,Arun Kumar,29,Male,Chennai,Premium,1720,30,Fiber,3800,295.6,Net Banking,2,No,51600
CUST0048,Kavitha R,38,Female,Madurai,Basic,470,6,4G,870,36.5,Cash,8,Yes,2820
CUST0049,Dinesh Babu,34,Male,Tirunelveli,Family,2180,44,5G,4550,405.9,Credit Card,1,No,95920
CUST0050,Aishwarya K,25,Female,Vellore,Premium,1460,19,Fiber,3050,218.7,UPI,2,No,27740
CUST0051,Raghav Sharma,40,Male,Chennai,Standard,1010,21,5G,2550,172.3,Debit Card,3,No,21210
CUST0052,Padmini Devi,36,Female,Madurai,Family,2320,50,Fiber,4900,465.5,Net Banking,1,No,116000
CUST0053,Mohan Raj,28,Male,Coimbatore,Basic,540,9,DSL,1020,49.4,Cash,5,Yes,4860
CUST0054,Ritu Sharma,31,Female,Trichy,Premium,1510,23,5G,3180,228.6,Credit Card,2,No,34730
CUST0055,Senthil Kumar,46,Male,Salem,Family,2420,57,Fiber,5300,515.2,UPI,0,No,137940
CUST0056,Lavanya Priya,27,Female,Erode,Standard,940,17,4G,2200,142.8,Debit Card,3,No,15980
CUST0057,Karthikeyan S,33,Male,Chennai,Premium,1690,29,Fiber,3650,285.3,Net Banking,2,No,49010
CUST0058,Bhavani Devi,39,Female,Madurai,Basic,500,7,DSL,890,41.2,Cash,6,Yes,3500
CUST0059,Prakash R,35,Male,Coimbatore,Family,2240,45,5G,4600,418.5,Credit Card,1,No,100800
CUST0060,Nandhini V,24,Female,Trichy,Premium,1440,18,Fiber,2950,212.4,UPI,2,No,25920
CUST0061,Hari Prasad,29,Male,Chennai,Basic,520,8,4G,980,46.7,UPI,5,Yes,4160
CUST0062,Sneha Reddy,34,Female,Madurai,Premium,1570,26,Fiber,3450,268.4,Credit Card,2,No,40820
CUST0063,Vijay Kumar,42,Male,Coimbatore,Standard,990,19,5G,2480,160.9,Debit Card,3,No,18810
CUST0064,Ramya Devi,25,Female,Trichy,Family,2260,41,Fiber,4750,420.5,Net Banking,1,No,92660
CUST0065,Surya Raj,37,Male,Salem,Basic,490,7,DSL,910,38.4,Cash,6,Yes,3430
CUST0066,Divya S,30,Female,Erode,Premium,1500,24,5G,3200,230.8,UPI,2,No,36000
CUST0067,Naveen Kumar,46,Male,Chennai,Family,2380,54,Fiber,5150,498.6,Credit Card,0,No,128520
CUST0068,Anu Priya,32,Female,Madurai,Standard,930,15,4G,2050,130.7,Debit Card,4,No,13950
CUST0069,Suresh R,40,Male,Tirunelveli,Basic,550,10,DSL,1120,57.8,Cash,5,Yes,5500
CUST0070,Keerthana M,26,Female,Vellore,Premium,1630,29,Fiber,3500,272.4,Net Banking,1,No,47270
CUST0071,Ajay Kumar,35,Male,Chennai,Standard,960,18,5G,2320,145.6,Credit Card,3,No,17280
CUST0072,Priyanka S,43,Female,Madurai,Family,2340,51,Fiber,4950,472.8,UPI,1,No,119340
CUST0073,Dhanush K,31,Male,Coimbatore,Basic,500,8,4G,970,43.2,Cash,7,Yes,4000
CUST0074,Meenakshi V,27,Female,Trichy,Premium,1540,25,5G,3300,238.5,Debit Card,2,No,38500
CUST0075,Kiran Raj,49,Male,Salem,Family,2460,60,Fiber,5450,525.7,Credit Card,0,No,147600
CUST0076,Asha Devi,33,Female,Erode,Standard,910,16,DSL,1880,120.4,UPI,4,No,14560
CUST0077,Manoj Kumar,30,Male,Chennai,Premium,1710,31,Fiber,3720,288.9,Net Banking,2,No,53010
CUST0078,Lakshmi R,38,Female,Madurai,Basic,460,6,4G,860,35.6,Cash,8,Yes,2760
CUST0079,Praveen S,36,Male,Coimbatore,Family,2220,46,5G,4620,422.1,Credit Card,1,No,102120
CUST0080,Haritha P,24,Female,Trichy,Premium,1450,19,Fiber,2980,214.3,UPI,2,No,27550
CUST0081,Arvind Kumar,41,Male,Chennai,Standard,1000,20,5G,2520,170.8,Debit Card,3,No,20000
CUST0082,Shreya Devi,37,Female,Madurai,Family,2330,49,Fiber,4880,460.2,Net Banking,1,No,114170
CUST0083,Vimal Raj,29,Male,Coimbatore,Basic,530,9,DSL,1010,47.5,Cash,5,Yes,4770
CUST0084,Nivetha S,28,Female,Trichy,Premium,1520,22,5G,3220,232.7,Credit Card,2,No,33440
CUST0085,Rajesh Kumar,47,Male,Salem,Family,2410,58,Fiber,5320,518.4,UPI,0,No,139780
CUST0086,Deepika R,31,Female,Erode,Standard,940,17,4G,2180,140.9,Debit Card,3,No,15980
CUST0087,Sathish K,34,Male,Chennai,Premium,1680,30,Fiber,3680,282.5,Net Banking,2,No,50400
CUST0088,Kavitha M,39,Female,Madurai,Basic,510,7,DSL,900,40.8,Cash,6,Yes,3570
CUST0089,Murali R,35,Male,Coimbatore,Family,2230,45,5G,4580,416.6,Credit Card,1,No,100350
CUST0090,Aarthi V,25,Female,Trichy,Premium,1470,18,Fiber,3010,216.9,UPI,2,No,26460
CUST0091,Rakesh Kumar,40,Male,Chennai,Standard,980,19,5G,2450,162.4,Debit Card,3,No,18620
CUST0092,Pooja R,36,Female,Madurai,Family,2310,50,Fiber,4920,468.7,Net Banking,1,No,115500
CUST0093,Gopi Krishna,28,Male,Coimbatore,Basic,540,10,4G,1040,50.3,Cash,5,Yes,5400
CUST0094,Shruthi S,27,Female,Trichy,Premium,1560,24,5G,3280,236.5,Credit Card,2,No,37440
CUST0095,Bharath Kumar,48,Male,Salem,Family,2440,59,Fiber,5380,522.4,UPI,0,No,143960
CUST0096,Nisha R,32,Female,Erode,Standard,920,16,DSL,1920,122.7,Debit Card,4,No,14720
CUST0097,Santhosh K,33,Male,Chennai,Premium,1700,32,Fiber,3750,290.8,Net Banking,2,No,54400
CUST0098,Bhavana P,38,Female,Madurai,Basic,480,6,4G,880,36.4,Cash,7,Yes,2880
CUST0099,Naveen Raj,35,Male,Coimbatore,Family,2250,47,5G,4650,425.5,Credit Card,1,No,105750
CUST0100,Anitha Devi,26,Female,Vellore,Premium,1480,20,Fiber,3060,220.6,UPI,2,No,29600
CUST0101,Hari Kumar,29,Male,Chennai,Basic,520,8,4G,980,45.6,UPI,5,Yes,4160
CUST0102,Sneha Priya,34,Female,Madurai,Premium,1580,26,Fiber,3480,270.4,Credit Card,2,No,41080
CUST0103,Vijay Raj,42,Male,Coimbatore,Standard,990,19,5G,2460,162.7,Debit Card,3,No,18810
CUST0104,Ramya Devi,25,Female,Trichy,Family,2260,41,Fiber,4740,418.5,Net Banking,1,No,92660
CUST0105,Surya Kumar,37,Male,Salem,Basic,490,7,DSL,920,39.5,Cash,6,Yes,3430
CUST0106,Divya Lakshmi,30,Female,Erode,Premium,1500,24,5G,3210,231.8,UPI,2,No,36000
CUST0107,Naveen Raj,46,Male,Chennai,Family,2380,54,Fiber,5160,499.2,Credit Card,0,No,128520
CUST0108,Anu Priya,32,Female,Madurai,Standard,930,15,4G,2040,129.4,Debit Card,4,No,13950
CUST0109,Suresh Babu,40,Male,Tirunelveli,Basic,550,10,DSL,1130,58.1,Cash,5,Yes,5500
CUST0110,Keerthana R,26,Female,Vellore,Premium,1630,29,Fiber,3510,273.5,Net Banking,1,No,47270
CUST0111,Ajith Kumar,35,Male,Chennai,Standard,960,18,5G,2330,146.8,Credit Card,3,No,17280
CUST0112,Priyanka Devi,43,Female,Madurai,Family,2340,51,Fiber,4960,474.6,UPI,1,No,119340
CUST0113,Dhanush Raj,31,Male,Coimbatore,Basic,500,8,4G,960,42.3,Cash,7,Yes,4000
CUST0114,Meenakshi S,27,Female,Trichy,Premium,1540,25,5G,3290,237.4,Debit Card,2,No,38500
CUST0115,Kiran Kumar,49,Male,Salem,Family,2460,60,Fiber,5440,526.5,Credit Card,0,No,147600
CUST0116,Asha Priya,33,Female,Erode,Standard,910,16,DSL,1890,121.6,UPI,4,No,14560
CUST0117,Manoj Kumar,30,Male,Chennai,Premium,1710,31,Fiber,3710,289.5,Net Banking,2,No,53010
CUST0118,Lakshmi Devi,38,Female,Madurai,Basic,460,6,4G,870,34.8,Cash,8,Yes,2760
CUST0119,Praveen Raj,36,Male,Coimbatore,Family,2220,46,5G,4630,423.7,Credit Card,1,No,102120
CUST0120,Haritha S,24,Female,Trichy,Premium,1450,19,Fiber,2970,213.9,UPI,2,No,27550
CUST0121,Arvind Kumar,41,Male,Chennai,Standard,1000,20,5G,2530,171.2,Debit Card,3,No,20000
CUST0122,Shreya Devi,37,Female,Madurai,Family,2330,49,Fiber,4870,459.5,Net Banking,1,No,114170
CUST0123,Vimal Raj,29,Male,Coimbatore,Basic,530,9,DSL,1000,46.2,Cash,5,Yes,4770
CUST0124,Nivetha Priya,28,Female,Trichy,Premium,1520,22,5G,3230,233.8,Credit Card,2,No,33440
CUST0125,Rajesh Kumar,47,Male,Salem,Family,2410,58,Fiber,5310,517.9,UPI,0,No,139780
CUST0126,Deepika Rani,31,Female,Erode,Standard,940,17,4G,2190,141.5,Debit Card,3,No,15980
CUST0127,Sathish Kumar,34,Male,Chennai,Premium,1680,30,Fiber,3690,283.6,Net Banking,2,No,50400
CUST0128,Kavitha Devi,39,Female,Madurai,Basic,510,7,DSL,910,41.5,Cash,6,Yes,3570
CUST0129,Murali Krishna,35,Male,Coimbatore,Family,2230,45,5G,4590,417.4,Credit Card,1,No,100350
CUST0130,Aarthi Priya,25,Female,Trichy,Premium,1470,18,Fiber,3020,217.6,UPI,2,No,26460
CUST0131,Rakesh Sharma,40,Male,Chennai,Standard,980,19,5G,2440,161.7,Debit Card,3,No,18620
CUST0132,Pooja Devi,36,Female,Madurai,Family,2310,50,Fiber,4910,467.8,Net Banking,1,No,115500
CUST0133,Gopi Raj,28,Male,Coimbatore,Basic,540,10,4G,1030,49.5,Cash,5,Yes,5400
CUST0134,Shruthi Priya,27,Female,Trichy,Premium,1560,24,5G,3270,235.4,Credit Card,2,No,37440
CUST0135,Bharath Kumar,48,Male,Salem,Family,2440,59,Fiber,5390,523.2,UPI,0,No,143960
CUST0136,Nisha Devi,32,Female,Erode,Standard,920,16,DSL,1910,123.5,Debit Card,4,No,14720
CUST0137,Santhosh Raj,33,Male,Chennai,Premium,1700,32,Fiber,3760,291.6,Net Banking,2,No,54400
CUST0138,Bhavana Priya,38,Female,Madurai,Basic,480,6,4G,890,37.3,Cash,7,Yes,2880
CUST0139,Naveen Kumar,35,Male,Coimbatore,Family,2250,47,5G,4660,426.7,Credit Card,1,No,105750
CUST0140,Anitha Rani,26,Female,Vellore,Premium,1480,20,Fiber,3070,221.5,UPI,2,No,29600
CUST0141,Hari Krishna,30,Male,Chennai,Standard,990,21,5G,2500,169.4,Debit Card,3,No,20790
CUST0142,Swetha Priya,35,Female,Madurai,Family,2360,52,Fiber,4990,476.3,Net Banking,1,No,122720
CUST0143,Karthik Raj,29,Male,Coimbatore,Basic,550,11,DSL,1140,59.2,Cash,5,Yes,6050
CUST0144,Divya Sharma,27,Female,Trichy,Premium,1600,26,5G,3340,242.7,Credit Card,2,No,41600
CUST0145,Mohan Kumar,46,Male,Salem,Family,2470,60,Fiber,5480,529.8,UPI,0,No,148200
CUST0146,Rekha Devi,31,Female,Erode,Standard,950,18,4G,2220,144.2,Debit Card,3,No,17100
CUST0147,Vinoth Raj,34,Male,Chennai,Premium,1720,33,Fiber,3790,294.5,Net Banking,2,No,56760
CUST0148,Meera S,39,Female,Madurai,Basic,500,7,DSL,920,42.1,Cash,6,Yes,3500
CUST0149,Arun Kumar,36,Male,Coimbatore,Family,2260,48,5G,4700,431.6,Credit Card,1,No,108480
CUST0150,Lavanya Priya,25,Female,Trichy,Premium,1490,21,Fiber,3090,224.3,UPI,2,No,31290
CUST0151,Ramesh Kumar,31,Male,Chennai,Basic,540,9,4G,1020,48.6,UPI,5,Yes,4860
CUST0152,Priya Lakshmi,34,Female,Madurai,Premium,1590,27,Fiber,3520,274.5,Credit Card,2,No,42930
CUST0153,Arjun Raj,43,Male,Coimbatore,Standard,1010,20,5G,2490,166.8,Debit Card,3,No,20200
CUST0154,Kavya Devi,26,Female,Trichy,Family,2290,42,Fiber,4780,424.7,Net Banking,1,No,96180
CUST0155,Siva Kumar,38,Male,Salem,Basic,500,8,DSL,940,40.3,Cash,6,Yes,4000
CUST0156,Aishwarya R,29,Female,Erode,Premium,1510,25,5G,3240,233.9,UPI,2,No,37750
CUST0157,Dinesh Kumar,47,Male,Chennai,Family,2390,55,Fiber,5180,501.4,Credit Card,0,No,131450
CUST0158,Harini Devi,33,Female,Madurai,Standard,940,16,4G,2080,132.5,Debit Card,4,No,15040
CUST0159,Gokul Raj,41,Male,Tirunelveli,Basic,560,11,DSL,1160,60.1,Cash,5,Yes,6160
CUST0160,Nandhini S,27,Female,Vellore,Premium,1640,30,Fiber,3540,276.3,Net Banking,1,No,49200
CUST0161,Ajay Raj,36,Male,Chennai,Standard,970,19,5G,2360,149.7,Credit Card,3,No,18430
CUST0162,Pooja Sharma,44,Female,Madurai,Family,2350,53,Fiber,4980,478.6,UPI,1,No,124550
CUST0163,Prakash Kumar,32,Male,Coimbatore,Basic,510,9,4G,990,44.5,Cash,7,Yes,4590
CUST0164,Rekha Priya,28,Female,Trichy,Premium,1550,26,5G,3310,239.8,Debit Card,2,No,40300
CUST0165,Manoj Raj,50,Male,Salem,Family,2480,60,Fiber,5500,532.1,Credit Card,0,No,148800
CUST0166,Deepika Sharma,34,Female,Erode,Standard,920,17,DSL,1930,124.8,UPI,4,No,15640
CUST0167,Vinoth Kumar,31,Male,Chennai,Premium,1730,34,Fiber,3810,297.4,Net Banking,2,No,58820
CUST0168,Swathi Devi,39,Female,Madurai,Basic,470,7,4G,900,38.2,Cash,8,Yes,3290
CUST0169,Bharath Raj,37,Male,Coimbatore,Family,2240,47,5G,4680,429.5,Credit Card,1,No,105280
CUST0170,Janani Priya,25,Female,Trichy,Premium,1460,20,Fiber,3040,219.7,UPI,2,No,29200
CUST0171,Harish Kumar,42,Male,Chennai,Standard,990,21,5G,2540,173.1,Debit Card,3,No,20790
CUST0172,Nisha Sharma,38,Female,Madurai,Family,2340,50,Fiber,4930,470.4,Net Banking,1,No,117000
CUST0173,Surya Raj,30,Male,Coimbatore,Basic,550,10,DSL,1080,51.3,Cash,5,Yes,5500
CUST0174,Meena Priya,27,Female,Trichy,Premium,1570,24,5G,3260,237.5,Credit Card,2,No,37680
CUST0175,Karthick Kumar,48,Male,Salem,Family,2450,59,Fiber,5410,526.7,UPI,0,No,144550
CUST0176,Lavanya Devi,32,Female,Erode,Standard,930,18,4G,2210,143.8,Debit Card,3,No,16740
CUST0177,Rakesh Raj,35,Male,Chennai,Premium,1690,31,Fiber,3730,289.6,Net Banking,2,No,52390
CUST0178,Bhavana Sharma,40,Female,Madurai,Basic,490,8,DSL,930,43.1,Cash,6,Yes,3920
CUST0179,Arun Kumar,36,Male,Coimbatore,Family,2260,48,5G,4720,433.4,Credit Card,1,No,108480
CUST0180,Aarthi Devi,26,Female,Vellore,Premium,1490,22,Fiber,3100,225.6,UPI,2,No,32780
CUST0181,Mohan Raj,41,Male,Chennai,Standard,1000,20,5G,2500,170.2,Debit Card,3,No,20000
CUST0182,Shalini Priya,37,Female,Madurai,Family,2360,51,Fiber,4970,475.1,Net Banking,1,No,120360
CUST0183,Naveen Kumar,29,Male,Coimbatore,Basic,520,9,4G,1010,47.2,Cash,5,Yes,4680
CUST0184,Divya Sharma,28,Female,Trichy,Premium,1530,23,5G,3240,234.6,Credit Card,2,No,35190
CUST0185,Sanjay Kumar,49,Male,Salem,Family,2470,60,Fiber,5470,530.4,UPI,0,No,148200
CUST0186,Rekha Priya,33,Female,Erode,Standard,950,17,DSL,1940,126.5,Debit Card,4,No,16150
CUST0187,Sathish Raj,34,Male,Chennai,Premium,1710,32,Fiber,3780,293.2,Net Banking,2,No,54720
CUST0188,Kavitha Sharma,39,Female,Madurai,Basic,480,7,4G,890,37.4,Cash,7,Yes,3360
CUST0189,Gopi Kumar,35,Male,Coimbatore,Family,2250,46,5G,4690,430.8,Credit Card,1,No,103500
CUST0190,Haritha Devi,25,Female,Trichy,Premium,1480,21,Fiber,3060,222.3,UPI,2,No,31080
CUST0191,Rajesh Kumar,40,Male,Chennai,Standard,980,20,5G,2470,164.7,Debit Card,3,No,19600
CUST0192,Padmini Sharma,36,Female,Madurai,Family,2320,49,Fiber,4900,466.2,Net Banking,1,No,113680
CUST0193,Vignesh Raj,28,Male,Coimbatore,Basic,540,10,DSL,1040,50.5,Cash,5,Yes,5400
CUST0194,Shruthi Priya,27,Female,Trichy,Premium,1560,25,5G,3290,238.1,Credit Card,2,No,39000
CUST0195,Bharani Kumar,47,Male,Salem,Family,2440,58,Fiber,5360,521.7,UPI,0,No,141520
CUST0196,Nivetha Devi,31,Female,Erode,Standard,940,16,4G,2200,141.3,Debit Card,3,No,15040
CUST0197,Praveen Kumar,33,Male,Chennai,Premium,1700,33,Fiber,3770,292.6,Net Banking,2,No,56100
CUST0198,Bhavani Sharma,38,Female,Madurai,Basic,500,8,DSL,910,42.7,Cash,6,Yes,4000
CUST0199,Murugan Raj,36,Male,Coimbatore,Family,2230,47,5G,4670,428.5,Credit Card,1,No,104810
CUST0200,Anitha Priya,26,Female,Vellore,Premium,1470,20,Fiber,3050,221.8,UPI,2,No,29400
CUST0201,Hari Kumar,30,Male,Chennai,Basic,550,10,4G,1050,52.4,UPI,5,Yes,5500
CUST0202,Priya Sharma,35,Female,Madurai,Premium,1600,28,Fiber,3550,278.6,Credit Card,2,No,44800
CUST0203,Arun Raj,42,Male,Coimbatore,Standard,1020,21,5G,2520,168.3,Debit Card,3,No,21420
CUST0204,Kavya Devi,27,Female,Trichy,Family,2300,43,Fiber,4800,426.8,Net Banking,1,No,98900
CUST0205,Siva Kumar,39,Male,Salem,Basic,510,8,DSL,950,41.2,Cash,6,Yes,4080
CUST0206,Divya Lakshmi,31,Female,Erode,Premium,1520,26,5G,3260,236.4,UPI,2,No,39520
CUST0207,Naveen Raj,48,Male,Chennai,Family,2400,56,Fiber,5200,504.2,Credit Card,0,No,134400
CUST0208,Anu Priya,33,Female,Madurai,Standard,950,17,4G,2100,134.7,Debit Card,4,No,16150
CUST0209,Gokul Raj,41,Male,Tirunelveli,Basic,570,11,DSL,1180,61.4,Cash,5,Yes,6270
CUST0210,Nandhini S,28,Female,Vellore,Premium,1650,30,Fiber,3560,279.5,Net Banking,1,No,49500
CUST0211,Ajay Kumar,36,Male,Chennai,Standard,980,20,5G,2380,151.8,Credit Card,3,No,19600
CUST0212,Pooja Sharma,44,Female,Madurai,Family,2360,54,Fiber,5000,480.7,UPI,1,No,127440
CUST0213,Prakash Kumar,32,Male,Coimbatore,Basic,520,9,4G,1000,45.6,Cash,7,Yes,4680
CUST0214,Rekha Priya,29,Female,Trichy,Premium,1560,27,5G,3330,241.2,Debit Card,2,No,42120
CUST0215,Manoj Raj,50,Male,Salem,Family,2490,60,Fiber,5520,535.5,Credit Card,0,No,149400
CUST0216,Deepika Sharma,34,Female,Erode,Standard,930,18,DSL,1950,128.2,UPI,4,No,16740
CUST0217,Vinoth Kumar,31,Male,Chennai,Premium,1740,35,Fiber,3830,299.8,Net Banking,2,No,60900
CUST0218,Swathi Devi,40,Female,Madurai,Basic,480,7,4G,910,39.6,Cash,8,Yes,3360
CUST0219,Bharath Raj,37,Male,Coimbatore,Family,2250,48,5G,4700,434.7,Credit Card,1,No,108000
CUST0220,Janani Priya,26,Female,Trichy,Premium,1470,21,Fiber,3080,223.4,UPI,2,No,30870
CUST0221,Harish Kumar,42,Male,Chennai,Standard,1000,22,5G,2560,175.3,Debit Card,3,No,22000
CUST0222,Nisha Sharma,38,Female,Madurai,Family,2350,51,Fiber,4950,472.1,Net Banking,1,No,119850
CUST0223,Surya Raj,30,Male,Coimbatore,Basic,560,10,DSL,1100,53.7,Cash,5,Yes,5600
CUST0224,Meena Priya,27,Female,Trichy,Premium,1580,25,5G,3280,239.4,Credit Card,2,No,39500
CUST0225,Karthick Kumar,48,Male,Salem,Family,2460,59,Fiber,5430,528.2,UPI,0,No,145140
CUST0226,Lavanya Devi,33,Female,Erode,Standard,940,18,4G,2230,145.5,Debit Card,3,No,16920
CUST0227,Rakesh Raj,35,Male,Chennai,Premium,1700,32,Fiber,3750,291.8,Net Banking,2,No,54400
CUST0228,Bhavana Sharma,40,Female,Madurai,Basic,500,8,DSL,940,44.3,Cash,6,Yes,4000
CUST0229,Arun Kumar,36,Male,Coimbatore,Family,2270,49,5G,4740,436.5,Credit Card,1,No,111230
CUST0230,Aarthi Devi,26,Female,Vellore,Premium,1490,22,Fiber,3120,227.1,UPI,2,No,32780
CUST0231,Mohan Raj,41,Male,Chennai,Standard,1010,21,5G,2520,172.8,Debit Card,3,No,21210
CUST0232,Shalini Priya,37,Female,Madurai,Family,2370,52,Fiber,4990,478.5,Net Banking,1,No,123240
CUST0233,Naveen Kumar,29,Male,Coimbatore,Basic,530,9,4G,1020,48.1,Cash,5,Yes,4770
CUST0234,Divya Sharma,28,Female,Trichy,Premium,1540,24,5G,3250,236.7,Credit Card,2,No,36960
CUST0235,Sanjay Kumar,49,Male,Salem,Family,2480,60,Fiber,5490,533.4,UPI,0,No,148800
CUST0236,Rekha Priya,33,Female,Erode,Standard,950,17,DSL,1960,129.5,Debit Card,4,No,16150
CUST0237,Sathish Raj,34,Male,Chennai,Premium,1720,33,Fiber,3800,296.1,Net Banking,2,No,56760
CUST0238,Kavitha Sharma,39,Female,Madurai,Basic,490,7,4G,900,38.5,Cash,7,Yes,3430
CUST0239,Gopi Kumar,35,Male,Coimbatore,Family,2260,47,5G,4710,432.6,Credit Card,1,No,106220
CUST0240,Haritha Devi,25,Female,Trichy,Premium,1480,21,Fiber,3070,224.8,UPI,2,No,31080
CUST0241,Rajesh Kumar,40,Male,Chennai,Standard,990,20,5G,2480,166.4,Debit Card,3,No,19800
CUST0242,Padmini Sharma,36,Female,Madurai,Family,2330,50,Fiber,4920,469.2,Net Banking,1,No,116500
CUST0243,Vignesh Raj,28,Male,Coimbatore,Basic,550,10,DSL,1050,52.7,Cash,5,Yes,5500
CUST0244,Shruthi Priya,27,Female,Trichy,Premium,1570,25,5G,3300,240.3,Credit Card,2,No,39250
CUST0245,Bharani Kumar,47,Male,Salem,Family,2450,58,Fiber,5380,524.6,UPI,0,No,142100
CUST0246,Nivetha Devi,31,Female,Erode,Standard,940,16,4G,2210,143.2,Debit Card,3,No,15040
CUST0247,Praveen Kumar,33,Male,Chennai,Premium,1710,34,Fiber,3790,294.7,Net Banking,2,No,58140
CUST0248,Bhavani Sharma,38,Female,Madurai,Basic,510,8,DSL,920,43.9,Cash,6,Yes,4080
CUST0249,Murugan Raj,36,Male,Coimbatore,Family,2240,48,5G,4690,430.8,Credit Card,1,No,107520
CUST0250,Anitha Priya,26,Female,Vellore,Premium,1490,22,Fiber,3090,226.5,UPI,2,No,32780
CUST0251,Hari Prasad,31,Male,Chennai,Basic,560,11,4G,1080,54.1,UPI,5,Yes,6160
CUST0252,Priyanka Devi,35,Female,Madurai,Premium,1610,29,Fiber,3580,281.6,Credit Card,2,No,46690
CUST0253,Aravind Kumar,43,Male,Coimbatore,Standard,1030,22,5G,2550,170.5,Debit Card,3,No,22660
CUST0254,Kavitha Priya,28,Female,Trichy,Family,2310,44,Fiber,4820,429.7,Net Banking,1,No,101640
CUST0255,Suresh Kumar,39,Male,Salem,Basic,520,9,DSL,970,42.8,Cash,6,Yes,4680
CUST0256,Divya Rani,32,Female,Erode,Premium,1530,27,5G,3290,238.7,UPI,2,No,41310
CUST0257,Naveen Raj,49,Male,Chennai,Family,2410,57,Fiber,5230,507.3,Credit Card,0,No,137370
CUST0258,Anjali Sharma,34,Female,Madurai,Standard,960,18,4G,2120,136.5,Debit Card,4,No,17280
CUST0259,Gokul Krishna,42,Male,Tirunelveli,Basic,580,12,DSL,1200,63.1,Cash,5,Yes,6960
CUST0260,Nandhini Devi,29,Female,Vellore,Premium,1660,31,Fiber,3590,282.8,Net Banking,1,No,51460
CUST0261,Ajith Kumar,37,Male,Chennai,Standard,990,21,5G,2400,154.6,Credit Card,3,No,20790
CUST0262,Pooja Sharma,45,Female,Madurai,Family,2370,55,Fiber,5030,483.4,UPI,1,No,130350
CUST0263,Prakash Raj,33,Male,Coimbatore,Basic,530,10,4G,1020,47.2,Cash,7,Yes,5300
CUST0264,Rekha Devi,30,Female,Trichy,Premium,1570,28,5G,3350,243.8,Debit Card,2,No,43960
CUST0265,Manoj Kumar,51,Male,Salem,Family,2500,60,Fiber,5550,538.2,Credit Card,0,No,150000
CUST0266,Deepika Sharma,35,Female,Erode,Standard,940,19,DSL,1980,130.7,UPI,4,No,17860
CUST0267,Vinoth Raj,32,Male,Chennai,Premium,1750,36,Fiber,3850,301.6,Net Banking,2,No,63000
CUST0268,Swetha Priya,41,Female,Madurai,Basic,490,8,4G,930,40.4,Cash,8,Yes,3920
CUST0269,Bharath Kumar,38,Male,Coimbatore,Family,2260,49,5G,4730,438.2,Credit Card,1,No,110740
CUST0270,Janani Devi,27,Female,Trichy,Premium,1480,22,Fiber,3110,228.5,UPI,2,No,32560
CUST0271,Harish Kumar,43,Male,Chennai,Standard,1010,23,5G,2580,177.1,Debit Card,3,No,23230
CUST0272,Nisha Priya,39,Female,Madurai,Family,2360,52,Fiber,4970,475.9,Net Banking,1,No,122720
CUST0273,Surya Raj,31,Male,Coimbatore,Basic,570,11,DSL,1120,55.8,Cash,5,Yes,6270
CUST0274,Meena Sharma,28,Female,Trichy,Premium,1590,26,5G,3310,241.4,Credit Card,2,No,41340
CUST0275,Karthik Kumar,49,Male,Salem,Family,2470,59,Fiber,5450,530.1,UPI,0,No,145730
CUST0276,Lavanya Devi,34,Female,Erode,Standard,950,19,4G,2250,147.8,Debit Card,3,No,18050
CUST0277,Rakesh Raj,36,Male,Chennai,Premium,1710,33,Fiber,3780,295.6,Net Banking,2,No,56430
CUST0278,Bhavana Sharma,41,Female,Madurai,Basic,510,9,DSL,950,45.2,Cash,6,Yes,4590
CUST0279,Arun Kumar,37,Male,Coimbatore,Family,2280,50,5G,4760,440.5,Credit Card,1,No,114000
CUST0280,Aarthi Priya,27,Female,Vellore,Premium,1500,23,Fiber,3140,229.9,UPI,2,No,34500
CUST0281,Mohan Raj,42,Male,Chennai,Standard,1020,22,5G,2550,175.3,Debit Card,3,No,22440
CUST0282,Shalini Devi,38,Female,Madurai,Family,2380,53,Fiber,5000,480.6,Net Banking,1,No,126140
CUST0283,Naveen Kumar,30,Male,Coimbatore,Basic,540,10,4G,1040,49.6,Cash,5,Yes,5400
CUST0284,Divya Sharma,29,Female,Trichy,Premium,1550,25,5G,3270,238.8,Credit Card,2,No,38750
CUST0285,Sanjay Kumar,50,Male,Salem,Family,2490,60,Fiber,5500,535.2,UPI,0,No,149400
CUST0286,Rekha Priya,34,Female,Erode,Standard,960,18,DSL,1990,132.4,Debit Card,4,No,17280
CUST0287,Sathish Raj,35,Male,Chennai,Premium,1730,34,Fiber,3820,298.1,Net Banking,2,No,58820
CUST0288,Kavitha Sharma,40,Female,Madurai,Basic,500,8,4G,920,41.5,Cash,7,Yes,4000
CUST0289,Gopi Raj,36,Male,Coimbatore,Family,2270,48,5G,4720,435.4,Credit Card,1,No,108960
CUST0290,Haritha Devi,26,Female,Trichy,Premium,1490,22,Fiber,3090,226.8,UPI,2,No,32780
CUST0291,Rajesh Kumar,41,Male,Chennai,Standard,1000,21,5G,2500,168.9,Debit Card,3,No,21000
CUST0292,Padmini Sharma,37,Female,Madurai,Family,2340,51,Fiber,4940,472.7,Net Banking,1,No,119340
CUST0293,Vignesh Raj,29,Male,Coimbatore,Basic,560,11,DSL,1070,54.8,Cash,5,Yes,6160
CUST0294,Shruthi Priya,28,Female,Trichy,Premium,1580,26,5G,3320,242.1,Credit Card,2,No,41080
CUST0295,Bharani Kumar,48,Male,Salem,Family,2460,58,Fiber,5400,527.9,UPI,0,No,142680
CUST0296,Nivetha Devi,32,Female,Erode,Standard,950,17,4G,2230,145.2,Debit Card,3,No,16150
CUST0297,Praveen Kumar,34,Male,Chennai,Premium,1720,35,Fiber,3800,296.7,Net Banking,2,No,60200
CUST0298,Bhavani Sharma,39,Female,Madurai,Basic,520,9,DSL,940,44.6,Cash,6,Yes,4680
CUST0299,Murugan Raj,37,Male,Coimbatore,Family,2250,49,5G,4700,432.8,Credit Card,1,No,110250
CUST0300,Anitha Priya,27,Female,Vellore,Premium,1500,23,Fiber,3120,228.4,UPI,2,No,34500
CUST0301,Hari Kumar,32,Male,Chennai,Basic,570,12,4G,1100,56.4,UPI,5,Yes,6840
CUST0302,Priya Devi,36,Female,Madurai,Premium,1620,30,Fiber,3600,285.3,Credit Card,2,No,48600
CUST0303,Arjun Kumar,44,Male,Coimbatore,Standard,1040,23,5G,2580,172.7,Debit Card,3,No,23920
CUST0304,Kavya Sharma,29,Female,Trichy,Family,2320,45,Fiber,4850,432.5,Net Banking,1,No,104400
CUST0305,Siva Raj,40,Male,Salem,Basic,530,10,DSL,980,43.7,Cash,6,Yes,5300
CUST0306,Divya Priya,33,Female,Erode,Premium,1540,28,5G,3320,240.6,UPI,2,No,43120
CUST0307,Naveen Kumar,50,Male,Chennai,Family,2420,58,Fiber,5260,510.4,Credit Card,0,No,140360
CUST0308,Anjali Devi,35,Female,Madurai,Standard,970,19,4G,2150,138.5,Debit Card,4,No,18430
CUST0309,Gokul Raj,43,Male,Tirunelveli,Basic,590,12,DSL,1220,64.9,Cash,5,Yes,7080
CUST0310,Nandhini Priya,30,Female,Vellore,Premium,1670,32,Fiber,3620,285.7,Net Banking,1,No,53440
CUST0311,Ajith Raj,38,Male,Chennai,Standard,1000,22,5G,2430,156.4,Credit Card,3,No,22000
CUST0312,Pooja Devi,46,Female,Madurai,Family,2380,56,Fiber,5050,486.8,UPI,1,No,133280
CUST0313,Prakash Kumar,34,Male,Coimbatore,Basic,540,11,4G,1040,49.1,Cash,7,Yes,5940
CUST0314,Rekha Sharma,31,Female,Trichy,Premium,1580,29,5G,3380,246.2,Debit Card,2,No,45820
CUST0315,Manoj Raj,52,Male,Salem,Family,2510,60,Fiber,5580,540.3,Credit Card,0,No,150600
CUST0316,Deepika Priya,36,Female,Erode,Standard,950,20,DSL,2010,134.8,UPI,4,No,19000
CUST0317,Vinoth Kumar,33,Male,Chennai,Premium,1760,37,Fiber,3880,304.5,Net Banking,2,No,65120
CUST0318,Swetha Sharma,42,Female,Madurai,Basic,500,9,4G,950,42.3,Cash,8,Yes,4500
CUST0319,Bharath Raj,39,Male,Coimbatore,Family,2270,50,5G,4760,442.6,Credit Card,1,No,113500
CUST0320,Janani Priya,28,Female,Trichy,Premium,1500,24,Fiber,3160,232.1,UPI,2,No,36000
CUST0321,Harish Kumar,44,Male,Chennai,Standard,1020,24,5G,2600,179.3,Debit Card,3,No,24480
CUST0322,Nisha Devi,40,Female,Madurai,Family,2370,53,Fiber,4990,478.2,Net Banking,1,No,125610
CUST0323,Surya Raj,32,Male,Coimbatore,Basic,580,12,DSL,1140,57.5,Cash,5,Yes,6960
CUST0324,Meena Priya,29,Female,Trichy,Premium,1600,27,5G,3340,244.6,Credit Card,2,No,43200
CUST0325,Karthick Kumar,50,Male,Salem,Family,2480,59,Fiber,5480,533.7,UPI,0,No,146320
CUST0326,Lavanya Sharma,35,Female,Erode,Standard,960,20,4G,2280,149.2,Debit Card,3,No,19200
CUST0327,Rakesh Kumar,37,Male,Chennai,Premium,1720,34,Fiber,3820,299.4,Net Banking,2,No,58480
CUST0328,Bhavana Devi,42,Female,Madurai,Basic,520,10,DSL,970,46.1,Cash,6,Yes,5200
CUST0329,Arun Raj,38,Male,Coimbatore,Family,2290,51,5G,4790,444.5,Credit Card,1,No,116790
CUST0330,Aarthi Sharma,28,Female,Vellore,Premium,1510,24,Fiber,3180,234.9,UPI,2,No,36240
CUST0331,Mohan Kumar,43,Male,Chennai,Standard,1030,23,5G,2570,177.8,Debit Card,3,No,23690
CUST0332,Shalini Priya,39,Female,Madurai,Family,2390,54,Fiber,5020,482.6,Net Banking,1,No,129060
CUST0333,Naveen Raj,31,Male,Coimbatore,Basic,550,11,4G,1060,51.4,Cash,5,Yes,6050
CUST0334,Divya Devi,30,Female,Trichy,Premium,1560,26,5G,3300,242.7,Credit Card,2,No,40560
CUST0335,Sanjay Kumar,51,Male,Salem,Family,2500,60,Fiber,5520,538.8,UPI,0,No,150000
CUST0336,Rekha Priya,35,Female,Erode,Standard,970,19,DSL,2020,136.3,Debit Card,4,No,18430
CUST0337,Sathish Raj,36,Male,Chennai,Premium,1740,35,Fiber,3850,301.9,Net Banking,2,No,60900
CUST0338,Kavitha Sharma,41,Female,Madurai,Basic,530,10,4G,980,45.7,Cash,7,Yes,5300
CUST0339,Gopi Kumar,37,Male,Coimbatore,Family,2280,49,5G,4740,438.4,Credit Card,1,No,111720
CUST0340,Haritha Devi,27,Female,Trichy,Premium,1500,23,Fiber,3120,229.5,UPI,2,No,34500
CUST0341,Rajesh Kumar,42,Male,Chennai,Standard,1010,22,5G,2530,174.2,Debit Card,3,No,22220
CUST0342,Padmini Sharma,38,Female,Madurai,Family,2350,52,Fiber,4970,476.4,Net Banking,1,No,122200
CUST0343,Vignesh Raj,30,Male,Coimbatore,Basic,570,12,DSL,1100,55.3,Cash,5,Yes,6840
CUST0344,Shruthi Priya,29,Female,Trichy,Premium,1590,27,5G,3360,245.8,Credit Card,2,No,42930
CUST0345,Bharani Kumar,49,Male,Salem,Family,2470,58,Fiber,5440,531.2,UPI,0,No,143260
CUST0346,Nivetha Devi,33,Female,Erode,Standard,960,18,4G,2250,147.5,Debit Card,3,No,17280
CUST0347,Praveen Kumar,35,Male,Chennai,Premium,1730,36,Fiber,3830,300.6,Net Banking,2,No,62280
CUST0348,Bhavani Sharma,40,Female,Madurai,Basic,510,9,DSL,950,44.2,Cash,6,Yes,4590
CUST0349,Murugan Raj,38,Male,Coimbatore,Family,2260,50,5G,4720,436.9,Credit Card,1,No,113000
CUST0350,Anitha Priya,28,Female,Vellore,Premium,1510,24,Fiber,3150,231.7,UPI,2,No,36240
CUST0351,Hari Kumar,33,Male,Chennai,Basic,580,12,4G,1120,58.4,UPI,5,Yes,6960
CUST0352,Priya Sharma,37,Female,Madurai,Premium,1630,31,Fiber,3640,288.5,Credit Card,2,No,50530
CUST0353,Arun Raj,45,Male,Coimbatore,Standard,1050,24,5G,2600,175.2,Debit Card,3,No,25200
CUST0354,Kavya Devi,30,Female,Trichy,Family,2330,46,Fiber,4880,435.7,Net Banking,1,No,107180
CUST0355,Siva Kumar,41,Male,Salem,Basic,540,11,DSL,1000,46.3,Cash,6,Yes,5940
CUST0356,Divya Priya,34,Female,Erode,Premium,1550,29,5G,3350,243.6,UPI,2,No,44950
CUST0357,Naveen Kumar,51,Male,Chennai,Family,2430,59,Fiber,5280,512.8,Credit Card,0,No,143370
CUST0358,Anjali Devi,36,Female,Madurai,Standard,980,20,4G,2180,141.7,Debit Card,4,No,19600
CUST0359,Gokul Raj,44,Male,Tirunelveli,Basic,600,13,DSL,1240,67.1,Cash,5,Yes,7800
CUST0360,Nandhini Priya,31,Female,Vellore,Premium,1680,33,Fiber,3650,289.4,Net Banking,1,No,55440
CUST0361,Ajith Kumar,39,Male,Chennai,Standard,1010,23,5G,2450,159.2,Credit Card,3,No,23230
CUST0362,Pooja Sharma,47,Female,Madurai,Family,2390,57,Fiber,5070,489.3,UPI,1,No,136230
CUST0363,Prakash Raj,35,Male,Coimbatore,Basic,550,12,4G,1070,52.5,Cash,7,Yes,6600
CUST0364,Rekha Devi,32,Female,Trichy,Premium,1590,30,5G,3400,248.4,Debit Card,2,No,47700
CUST0365,Manoj Kumar,53,Male,Salem,Family,2520,60,Fiber,5600,543.2,Credit Card,0,No,151200
CUST0366,Deepika Sharma,37,Female,Erode,Standard,960,21,DSL,2040,139.6,UPI,4,No,20160
CUST0367,Vinoth Raj,34,Male,Chennai,Premium,1770,38,Fiber,3900,307.5,Net Banking,2,No,67260
CUST0368,Swetha Sharma,43,Female,Madurai,Basic,520,10,4G,980,45.1,Cash,8,Yes,5200
CUST0369,Bharath Raj,40,Male,Coimbatore,Family,2280,51,5G,4780,445.9,Credit Card,1,No,116280
CUST0370,Janani Priya,29,Female,Trichy,Premium,1510,25,Fiber,3200,236.7,UPI,2,No,37750
CUST0371,Harish Kumar,45,Male,Chennai,Standard,1030,25,5G,2630,182.4,Debit Card,3,No,25750
CUST0372,Nisha Devi,41,Female,Madurai,Family,2380,54,Fiber,5010,481.2,Net Banking,1,No,128520
CUST0373,Surya Raj,33,Male,Coimbatore,Basic,590,13,DSL,1160,59.8,Cash,5,Yes,7670
CUST0374,Meena Priya,30,Female,Trichy,Premium,1610,28,5G,3380,247.6,Credit Card,2,No,45080
CUST0375,Karthick Kumar,51,Male,Salem,Family,2490,59,Fiber,5500,536.5,UPI,0,No,146910
CUST0376,Lavanya Sharma,36,Female,Erode,Standard,970,20,4G,2300,151.6,Debit Card,3,No,19400
CUST0377,Rakesh Kumar,38,Male,Chennai,Premium,1730,35,Fiber,3850,303.8,Net Banking,2,No,60550
CUST0378,Bhavana Devi,43,Female,Madurai,Basic,530,11,DSL,990,47.5,Cash,6,Yes,5830
CUST0379,Arun Raj,39,Male,Coimbatore,Family,2300,52,5G,4810,448.7,Credit Card,1,No,119600
CUST0380,Aarthi Sharma,29,Female,Vellore,Premium,1520,25,Fiber,3220,238.9,UPI,2,No,38000
CUST0381,Mohan Kumar,44,Male,Chennai,Standard,1040,24,5G,2600,181.3,Debit Card,3,No,24960
CUST0382,Shalini Priya,40,Female,Madurai,Family,2400,55,Fiber,5040,484.6,Net Banking,1,No,132000
CUST0383,Naveen Raj,32,Male,Coimbatore,Basic,560,12,4G,1090,54.7,Cash,5,Yes,6720
CUST0384,Divya Devi,31,Female,Trichy,Premium,1570,27,5G,3330,245.8,Credit Card,2,No,42390
CUST0385,Sanjay Kumar,52,Male,Salem,Family,2510,60,Fiber,5530,541.3,UPI,0,No,150600
CUST0386,Rekha Priya,36,Female,Erode,Standard,980,19,DSL,2050,141.9,Debit Card,4,No,18620
CUST0387,Sathish Raj,37,Male,Chennai,Premium,1750,36,Fiber,3880,306.4,Net Banking,2,No,63000
CUST0388,Kavitha Sharma,42,Female,Madurai,Basic,540,10,4G,1000,48.6,Cash,7,Yes,5400
CUST0389,Gopi Kumar,38,Male,Coimbatore,Family,2290,50,5G,4760,443.8,Credit Card,1,No,114500
CUST0390,Haritha Devi,28,Female,Trichy,Premium,1530,24,Fiber,3180,235.4,UPI,2,No,36720
CUST0391,Rajesh Kumar,43,Male,Chennai,Standard,1020,23,5G,2560,178.2,Debit Card,3,No,23460
CUST0392,Padmini Sharma,39,Female,Madurai,Family,2360,53,Fiber,4990,479.5,Net Banking,1,No,125080
CUST0393,Vignesh Raj,31,Male,Coimbatore,Basic,580,12,DSL,1120,57.6,Cash,5,Yes,6960
CUST0394,Shruthi Priya,30,Female,Trichy,Premium,1600,28,5G,3400,249.3,Credit Card,2,No,44800
CUST0395,Bharani Kumar,50,Male,Salem,Family,2480,58,Fiber,5460,534.8,UPI,0,No,143840
CUST0396,Nivetha Devi,34,Female,Erode,Standard,970,18,4G,2270,149.2,Debit Card,3,No,17460
CUST0397,Praveen Kumar,36,Male,Chennai,Premium,1740,37,Fiber,3860,305.5,Net Banking,2,No,64380
CUST0398,Bhavani Sharma,41,Female,Madurai,Basic,520,9,DSL,960,46.7,Cash,6,Yes,4680
CUST0399,Murugan Raj,39,Male,Coimbatore,Family,2270,51,5G,4740,440.6,Credit Card,1,No,115770
CUST0400,Anitha Priya,29,Female,Vellore,Premium,1520,25,Fiber,3200,237.8,UPI,2,No,38000
CUST0401,Hari Krishna,34,Male,Chennai,Basic,590,13,4G,1140,60.3,UPI,5,Yes,7670
CUST0402,Priya Lakshmi,38,Female,Madurai,Premium,1640,32,Fiber,3670,291.4,Credit Card,2,No,52480
CUST0403,Arjun Raj,46,Male,Coimbatore,Standard,1060,25,5G,2630,178.8,Debit Card,3,No,26500
CUST0404,Kavya Sharma,31,Female,Trichy,Family,2340,47,Fiber,4910,438.2,Net Banking,1,No,109980
CUST0405,Siva Kumar,42,Male,Salem,Basic,550,12,DSL,1020,48.9,Cash,6,Yes,6600
CUST0406,Divya Priya,35,Female,Erode,Premium,1560,30,5G,3380,246.3,UPI,2,No,46800
CUST0407,Naveen Raj,52,Male,Chennai,Family,2440,60,Fiber,5310,515.7,Credit Card,0,No,146400
CUST0408,Anjali Devi,37,Female,Madurai,Standard,990,21,4G,2200,144.6,Debit Card,4,No,20790
CUST0409,Gokul Raj,45,Male,Tirunelveli,Basic,610,13,DSL,1260,69.4,Cash,5,Yes,7930
CUST0410,Nandhini Priya,32,Female,Vellore,Premium,1690,34,Fiber,3680,292.8,Net Banking,1,No,57460
CUST0411,Ajith Kumar,40,Male,Chennai,Standard,1020,24,5G,2470,161.7,Credit Card,3,No,24480
CUST0412,Pooja Sharma,48,Female,Madurai,Family,2400,58,Fiber,5100,492.6,UPI,1,No,139200
CUST0413,Prakash Raj,36,Male,Coimbatore,Basic,560,12,4G,1090,54.8,Cash,7,Yes,6720
CUST0414,Rekha Devi,33,Female,Trichy,Premium,1600,31,5G,3430,251.5,Debit Card,2,No,49600
CUST0415,Manoj Kumar,54,Male,Salem,Family,2530,60,Fiber,5630,546.1,Credit Card,0,No,151800
CUST0416,Deepika Sharma,38,Female,Erode,Standard,980,22,DSL,2070,143.8,UPI,4,No,21560
CUST0417,Vinoth Raj,35,Male,Chennai,Premium,1780,39,Fiber,3920,310.7,Net Banking,2,No,69420
CUST0418,Swetha Sharma,44,Female,Madurai,Basic,530,10,4G,1010,47.2,Cash,8,Yes,5300
CUST0419,Bharath Raj,41,Male,Coimbatore,Family,2290,52,5G,4800,448.3,Credit Card,1,No,119080
CUST0420,Janani Priya,30,Female,Trichy,Premium,1520,26,Fiber,3230,240.4,UPI,2,No,39520
CUST0421,Harish Kumar,46,Male,Chennai,Standard,1040,26,5G,2650,185.2,Debit Card,3,No,27040
CUST0422,Nisha Devi,42,Female,Madurai,Family,2390,55,Fiber,5040,484.5,Net Banking,1,No,131450
CUST0423,Surya Raj,34,Male,Coimbatore,Basic,600,13,DSL,1180,61.7,Cash,5,Yes,7800
CUST0424,Meena Priya,31,Female,Trichy,Premium,1620,29,5G,3410,250.2,Credit Card,2,No,46980
CUST0425,Karthick Kumar,52,Male,Salem,Family,2500,59,Fiber,5520,539.4,UPI,0,No,147500
CUST0426,Lavanya Sharma,37,Female,Erode,Standard,990,21,4G,2320,154.8,Debit Card,3,No,20790
CUST0427,Rakesh Kumar,39,Male,Chennai,Premium,1740,36,Fiber,3880,308.1,Net Banking,2,No,62640
CUST0428,Bhavana Devi,44,Female,Madurai,Basic,540,11,DSL,1010,49.6,Cash,6,Yes,5940
CUST0429,Arun Raj,40,Male,Coimbatore,Family,2310,53,5G,4840,451.2,Credit Card,1,No,122430
CUST0430,Aarthi Sharma,30,Female,Vellore,Premium,1530,26,Fiber,3250,242.5,UPI,2,No,39780
CUST0431,Mohan Kumar,45,Male,Chennai,Standard,1050,25,5G,2620,183.6,Debit Card,3,No,26250
CUST0432,Shalini Priya,41,Female,Madurai,Family,2410,56,Fiber,5070,487.8,Net Banking,1,No,134960
CUST0433,Naveen Raj,33,Male,Coimbatore,Basic,570,12,4G,1110,56.8,Cash,5,Yes,6840
CUST0434,Divya Devi,32,Female,Trichy,Premium,1580,28,5G,3360,248.6,Credit Card,2,No,44240
CUST0435,Sanjay Kumar,53,Male,Salem,Family,2520,60,Fiber,5550,544.2,UPI,0,No,151200
CUST0436,Rekha Priya,37,Female,Erode,Standard,990,20,DSL,2080,145.7,Debit Card,4,No,19800
CUST0437,Sathish Raj,38,Male,Chennai,Premium,1760,37,Fiber,3900,309.9,Net Banking,2,No,65120
CUST0438,Kavitha Sharma,43,Female,Madurai,Basic,550,11,4G,1030,50.8,Cash,7,Yes,6050
CUST0439,Gopi Kumar,39,Male,Coimbatore,Family,2300,51,5G,4780,446.5,Credit Card,1,No,117300
CUST0440,Haritha Devi,29,Female,Trichy,Premium,1540,25,Fiber,3200,238.7,UPI,2,No,38500
CUST0441,Rajesh Kumar,44,Male,Chennai,Standard,1030,24,5G,2590,181.5,Debit Card,3,No,24720
CUST0442,Padmini Sharma,40,Female,Madurai,Family,2370,54,Fiber,5010,482.4,Net Banking,1,No,127980
CUST0443,Vignesh Raj,32,Male,Coimbatore,Basic,590,13,DSL,1140,59.2,Cash,5,Yes,7670
CUST0444,Shruthi Priya,31,Female,Trichy,Premium,1610,29,5G,3430,252.1,Credit Card,2,No,46690
CUST0445,Bharani Kumar,51,Male,Salem,Family,2490,58,Fiber,5480,537.3,UPI,0,No,144420
CUST0446,Nivetha Devi,35,Female,Erode,Standard,980,19,4G,2290,151.6,Debit Card,3,No,18620
CUST0447,Praveen Kumar,37,Male,Chennai,Premium,1750,38,Fiber,3890,308.8,Net Banking,2,No,66500
CUST0448,Bhavani Sharma,42,Female,Madurai,Basic,530,10,DSL,980,47.8,Cash,6,Yes,5300
CUST0449,Murugan Raj,40,Male,Coimbatore,Family,2280,52,5G,4760,443.1,Credit Card,1,No,118560
CUST0450,Anitha Priya,30,Female,Vellore,Premium,1530,26,Fiber,3220,240.9,UPI,2,No,39780
CUST0451,Hari Kumar,35,Male,Chennai,Basic,600,14,4G,1160,62.5,UPI,5,Yes,8400
CUST0452,Priya Devi,39,Female,Madurai,Premium,1650,33,Fiber,3700,294.7,Credit Card,2,No,54450
CUST0453,Arun Kumar,47,Male,Coimbatore,Standard,1070,26,5G,2660,181.4,Debit Card,3,No,27820
CUST0454,Kavya Sharma,32,Female,Trichy,Family,2350,48,Fiber,4940,441.5,Net Banking,1,No,112800
CUST0455,Siva Raj,43,Male,Salem,Basic,560,12,DSL,1040,50.2,Cash,6,Yes,6720
CUST0456,Divya Priya,36,Female,Erode,Premium,1570,31,5G,3410,249.8,UPI,2,No,48670
CUST0457,Naveen Kumar,53,Male,Chennai,Family,2450,60,Fiber,5340,518.6,Credit Card,0,No,147000
CUST0458,Anjali Devi,38,Female,Madurai,Standard,1000,22,4G,2230,147.5,Debit Card,4,No,22000
CUST0459,Gokul Raj,46,Male,Tirunelveli,Basic,620,14,DSL,1280,71.3,Cash,5,Yes,8680
CUST0460,Nandhini Priya,33,Female,Vellore,Premium,1700,35,Fiber,3710,295.9,Net Banking,1,No,59500
CUST0461,Ajith Kumar,41,Male,Chennai,Standard,1030,25,5G,2500,164.6,Credit Card,3,No,25750
CUST0462,Pooja Sharma,49,Female,Madurai,Family,2410,59,Fiber,5130,495.7,UPI,1,No,142190
CUST0463,Prakash Raj,37,Male,Coimbatore,Basic,570,13,4G,1110,57.6,Cash,7,Yes,7410
CUST0464,Rekha Devi,34,Female,Trichy,Premium,1610,32,5G,3460,254.4,Debit Card,2,No,51520
CUST0465,Manoj Kumar,55,Male,Salem,Family,2540,60,Fiber,5660,549.2,Credit Card,0,No,152400
CUST0466,Deepika Sharma,39,Female,Erode,Standard,990,23,DSL,2100,148.4,UPI,4,No,22770
CUST0467,Vinoth Raj,36,Male,Chennai,Premium,1790,40,Fiber,3950,313.5,Net Banking,2,No,71600
CUST0468,Swetha Sharma,45,Female,Madurai,Basic,540,11,4G,1040,49.6,Cash,8,Yes,5940
CUST0469,Bharath Raj,42,Male,Coimbatore,Family,2300,53,5G,4820,450.8,Credit Card,1,No,121900
CUST0470,Janani Priya,31,Female,Trichy,Premium,1530,27,Fiber,3260,243.7,UPI,2,No,41310
CUST0471,Harish Kumar,47,Male,Chennai,Standard,1050,27,5G,2680,188.5,Debit Card,3,No,28350
CUST0472,Nisha Devi,43,Female,Madurai,Family,2400,56,Fiber,5060,488.9,Net Banking,1,No,134400
CUST0473,Surya Raj,35,Male,Coimbatore,Basic,610,14,DSL,1200,63.2,Cash,5,Yes,8540
CUST0474,Meena Priya,32,Female,Trichy,Premium,1630,30,5G,3440,253.5,Credit Card,2,No,48900
CUST0475,Karthick Kumar,53,Male,Salem,Family,2510,59,Fiber,5540,542.7,UPI,0,No,148090
CUST0476,Lavanya Sharma,38,Female,Erode,Standard,1000,22,4G,2350,157.4,Debit Card,3,No,22000
CUST0477,Rakesh Kumar,40,Male,Chennai,Premium,1750,37,Fiber,3910,311.8,Net Banking,2,No,64750
CUST0478,Bhavana Devi,45,Female,Madurai,Basic,550,12,DSL,1030,51.5,Cash,6,Yes,6600
CUST0479,Arun Raj,41,Male,Coimbatore,Family,2320,54,5G,4860,454.1,Credit Card,1,No,125280
CUST0480,Aarthi Sharma,31,Female,Vellore,Premium,1540,27,Fiber,3280,245.2,UPI,2,No,41580
CUST0481,Mohan Kumar,46,Male,Chennai,Standard,1060,26,5G,2650,186.9,Debit Card,3,No,27560
CUST0482,Shalini Priya,42,Female,Madurai,Family,2420,57,Fiber,5100,491.3,Net Banking,1,No,137940
CUST0483,Naveen Raj,34,Male,Coimbatore,Basic,580,13,4G,1130,59.5,Cash,5,Yes,7540
CUST0484,Divya Devi,33,Female,Trichy,Premium,1590,29,5G,3390,250.7,Credit Card,2,No,46110
CUST0485,Sanjay Kumar,54,Male,Salem,Family,2530,60,Fiber,5580,547.4,UPI,0,No,151800
CUST0486,Rekha Priya,38,Female,Erode,Standard,1000,21,DSL,2110,149.8,Debit Card,4,No,21000
CUST0487,Sathish Raj,39,Male,Chennai,Premium,1770,38,Fiber,3930,312.6,Net Banking,2,No,67260
CUST0488,Kavitha Sharma,44,Female,Madurai,Basic,560,12,4G,1050,52.1,Cash,7,Yes,6720
CUST0489,Gopi Kumar,40,Male,Coimbatore,Family,2310,52,5G,4800,448.7,Credit Card,1,No,120120
CUST0490,Haritha Devi,30,Female,Trichy,Premium,1550,26,Fiber,3230,241.5,UPI,2,No,40300
CUST0491,Rajesh Kumar,45,Male,Chennai,Standard,1040,25,5G,2620,184.7,Debit Card,3,No,26000
CUST0492,Padmini Sharma,41,Female,Madurai,Family,2380,55,Fiber,5030,485.6,Net Banking,1,No,130900
CUST0493,Vignesh Raj,33,Male,Coimbatore,Basic,600,14,DSL,1160,61.3,Cash,5,Yes,8400
CUST0494,Shruthi Priya,32,Female,Trichy,Premium,1620,30,5G,3460,255.8,Credit Card,2,No,48600
CUST0495,Bharani Kumar,52,Male,Salem,Family,2500,58,Fiber,5500,540.6,UPI,0,No,145000
CUST0496,Nivetha Devi,36,Female,Erode,Standard,990,20,4G,2310,154.2,Debit Card,3,No,19800
CUST0497,Praveen Kumar,38,Male,Chennai,Premium,1760,39,Fiber,3920,311.4,Net Banking,2,No,68640
CUST0498,Bhavani Sharma,43,Female,Madurai,Basic,540,11,DSL,1000,49.7,Cash,6,Yes,5940
CUST0499,Murugan Raj,41,Male,Coimbatore,Family,2290,53,5G,4780,446.8,Credit Card,1,No,121370
CUST0500,Anitha Priya,31,Female,Vellore,Premium,1540,27,Fiber,3250,243.9,UPI,2,No,41580
CUST0501,Hari Krishna,36,Male,Chennai,Basic,610,15,4G,1180,64.2,UPI,5,Yes,9150
CUST0502,Priya Lakshmi,40,Female,Madurai,Premium,1660,34,Fiber,3730,297.8,Credit Card,2,No,56440
CUST0503,Arjun Raj,48,Male,Coimbatore,Standard,1080,27,5G,2690,184.6,Debit Card,3,No,29160
CUST0504,Kavya Sharma,33,Female,Trichy,Family,2360,49,Fiber,4970,444.3,Net Banking,1,No,115640
CUST0505,Siva Kumar,44,Male,Salem,Basic,570,13,DSL,1060,52.6,Cash,6,Yes,7410
CUST0506,Divya Priya,37,Female,Erode,Premium,1580,32,5G,3440,252.9,UPI,2,No,50560
CUST0507,Naveen Raj,54,Male,Chennai,Family,2460,60,Fiber,5370,521.8,Credit Card,0,No,147600
CUST0508,Anjali Devi,39,Female,Madurai,Standard,1010,23,4G,2260,150.7,Debit Card,4,No,23230
CUST0509,Gokul Raj,47,Male,Tirunelveli,Basic,630,15,DSL,1300,73.8,Cash,5,Yes,9450
CUST0510,Nandhini Priya,34,Female,Vellore,Premium,1710,36,Fiber,3740,299.1,Net Banking,1,No,61560
CUST0511,Ajith Kumar,42,Male,Chennai,Standard,1040,26,5G,2530,167.5,Credit Card,3,No,27040
CUST0512,Pooja Sharma,50,Female,Madurai,Family,2420,60,Fiber,5160,499.4,UPI,1,No,145200
CUST0513,Prakash Raj,38,Male,Coimbatore,Basic,580,14,4G,1140,60.3,Cash,7,Yes,8120
CUST0514,Rekha Devi,35,Female,Trichy,Premium,1620,33,5G,3490,257.6,Debit Card,2,No,53460
CUST0515,Manoj Kumar,56,Male,Salem,Family,2550,60,Fiber,5690,552.7,Credit Card,0,No,153000
CUST0516,Deepika Sharma,40,Female,Erode,Standard,1000,24,DSL,2130,152.6,UPI,4,No,24000
CUST0517,Vinoth Raj,37,Male,Chennai,Premium,1800,41,Fiber,3980,316.8,Net Banking,2,No,73800
CUST0518,Swetha Sharma,46,Female,Madurai,Basic,550,12,4G,1070,51.4,Cash,8,Yes,6600
CUST0519,Bharath Raj,43,Male,Coimbatore,Family,2320,54,5G,4850,453.5,Credit Card,1,No,125280
CUST0520,Janani Priya,32,Female,Trichy,Premium,1540,28,Fiber,3290,246.8,UPI,2,No,43120
CUST0521,Harish Kumar,48,Male,Chennai,Standard,1060,28,5G,2710,191.2,Debit Card,3,No,29680
CUST0522,Nisha Devi,44,Female,Madurai,Family,2410,57,Fiber,5090,492.8,Net Banking,1,No,137370
CUST0523,Surya Raj,36,Male,Coimbatore,Basic,620,15,DSL,1220,65.9,Cash,5,Yes,9300
CUST0524,Meena Priya,33,Female,Trichy,Premium,1640,31,5G,3470,256.4,Credit Card,2,No,50840
CUST0525,Karthick Kumar,54,Male,Salem,Family,2520,59,Fiber,5560,545.9,UPI,0,No,148680
CUST0526,Lavanya Sharma,39,Female,Erode,Standard,1010,23,4G,2380,160.3,Debit Card,3,No,23230
CUST0527,Rakesh Kumar,41,Male,Chennai,Premium,1760,38,Fiber,3940,314.2,Net Banking,2,No,66880
CUST0528,Bhavana Devi,46,Female,Madurai,Basic,560,13,DSL,1050,53.4,Cash,6,Yes,7280
CUST0529,Arun Raj,42,Male,Coimbatore,Family,2330,55,5G,4880,456.7,Credit Card,1,No,128150
CUST0530,Aarthi Sharma,32,Female,Vellore,Premium,1550,28,Fiber,3310,248.6,UPI,2,No,43400
CUST0531,Mohan Kumar,47,Male,Chennai,Standard,1070,27,5G,2680,189.8,Debit Card,3,No,28890
CUST0532,Shalini Priya,43,Female,Madurai,Family,2430,58,Fiber,5120,495.5,Net Banking,1,No,140940
CUST0533,Naveen Raj,35,Male,Coimbatore,Basic,590,14,4G,1150,61.8,Cash,5,Yes,8260
CUST0534,Divya Devi,34,Female,Trichy,Premium,1600,30,5G,3420,253.9,Credit Card,2,No,48000
CUST0535,Sanjay Kumar,55,Male,Salem,Family,2540,60,Fiber,5600,549.8,UPI,0,No,152400
CUST0536,Rekha Priya,39,Female,Erode,Standard,1010,22,DSL,2140,154.7,Debit Card,4,No,22220
CUST0537,Sathish Raj,40,Male,Chennai,Premium,1780,39,Fiber,3960,315.1,Net Banking,2,No,69420
CUST0538,Kavitha Sharma,45,Female,Madurai,Basic,570,12,4G,1080,54.3,Cash,7,Yes,6840
CUST0539,Gopi Kumar,41,Male,Coimbatore,Family,2320,53,5G,4830,451.6,Credit Card,1,No,122960
CUST0540,Haritha Devi,31,Female,Trichy,Premium,1560,27,Fiber,3260,244.7,UPI,2,No,42120
CUST0541,Rajesh Kumar,46,Male,Chennai,Standard,1050,26,5G,2650,187.6,Debit Card,3,No,27300
CUST0542,Padmini Sharma,42,Female,Madurai,Family,2390,56,Fiber,5060,489.2,Net Banking,1,No,133840
CUST0543,Vignesh Raj,34,Male,Coimbatore,Basic,610,15,DSL,1180,63.8,Cash,5,Yes,9150
CUST0544,Shruthi Priya,33,Female,Trichy,Premium,1630,31,5G,3490,258.5,Credit Card,2,No,50530
CUST0545,Bharani Kumar,53,Male,Salem,Family,2510,58,Fiber,5520,543.4,UPI,0,No,145580
CUST0546,Nivetha Devi,37,Female,Erode,Standard,1000,21,4G,2340,157.1,Debit Card,3,No,21000
CUST0547,Praveen Kumar,39,Male,Chennai,Premium,1770,40,Fiber,3950,314.9,Net Banking,2,No,70800
CUST0548,Bhavani Sharma,44,Female,Madurai,Basic,550,11,DSL,1020,51.6,Cash,6,Yes,6050
CUST0549,Murugan Raj,42,Male,Coimbatore,Family,2300,54,5G,4800,449.7,Credit Card,1,No,124200
CUST0550,Anitha Priya,32,Female,Vellore,Premium,1550,28,Fiber,3280,247.3,UPI,2,No,43400
CUST0551,Hari Kumar,37,Male,Chennai,Basic,620,16,4G,1200,66.7,UPI,5,Yes,9920
CUST0552,Priya Lakshmi,41,Female,Madurai,Premium,1670,35,Fiber,3760,301.2,Credit Card,2,No,58450
CUST0553,Arjun Raj,49,Male,Coimbatore,Standard,1090,28,5G,2720,187.5,Debit Card,3,No,30520
CUST0554,Kavya Sharma,34,Female,Trichy,Family,2370,50,Fiber,5000,447.8,Net Banking,1,No,118500
CUST0555,Siva Kumar,45,Male,Salem,Basic,580,14,DSL,1080,55.1,Cash,6,Yes,8120
CUST0556,Divya Priya,38,Female,Erode,Premium,1590,33,5G,3470,256.3,UPI,2,No,52470
CUST0557,Naveen Raj,55,Male,Chennai,Family,2470,60,Fiber,5400,525.4,Credit Card,0,No,148200
CUST0558,Anjali Devi,40,Female,Madurai,Standard,1020,24,4G,2290,153.8,Debit Card,4,No,24480
CUST0559,Gokul Raj,48,Male,Tirunelveli,Basic,640,15,DSL,1320,76.2,Cash,5,Yes,9600
CUST0560,Nandhini Priya,35,Female,Vellore,Premium,1720,37,Fiber,3770,302.6,Net Banking,1,No,63640
CUST0561,Ajith Kumar,43,Male,Chennai,Standard,1050,27,5G,2560,170.4,Credit Card,3,No,28350
CUST0562,Pooja Sharma,51,Female,Madurai,Family,2430,60,Fiber,5190,503.8,UPI,1,No,145800
CUST0563,Prakash Raj,39,Male,Coimbatore,Basic,590,15,4G,1170,63.4,Cash,7,Yes,8850
CUST0564,Rekha Devi,36,Female,Trichy,Premium,1630,34,5G,3520,260.8,Debit Card,2,No,55420
CUST0565,Manoj Kumar,57,Male,Salem,Family,2560,60,Fiber,5720,556.3,Credit Card,0,No,153600
CUST0566,Deepika Sharma,41,Female,Erode,Standard,1010,25,DSL,2160,156.9,UPI,4,No,25250
CUST0567,Vinoth Raj,38,Male,Chennai,Premium,1810,42,Fiber,4010,319.7,Net Banking,2,No,76020
CUST0568,Swetha Sharma,47,Female,Madurai,Basic,560,13,4G,1100,54.8,Cash,8,Yes,7280
CUST0569,Bharath Raj,44,Male,Coimbatore,Family,2330,55,5G,4880,457.9,Credit Card,1,No,128150
CUST0570,Janani Priya,33,Female,Trichy,Premium,1550,29,Fiber,3320,250.1,UPI,2,No,44950
CUST0571,Harish Kumar,49,Male,Chennai,Standard,1070,29,5G,2740,194.5,Debit Card,3,No,31030
CUST0572,Nisha Devi,45,Female,Madurai,Family,2420,58,Fiber,5120,496.7,Net Banking,1,No,140360
CUST0573,Surya Raj,37,Male,Coimbatore,Basic,630,16,DSL,1240,68.3,Cash,5,Yes,10080
CUST0574,Meena Priya,34,Female,Trichy,Premium,1650,32,5G,3500,259.7,Credit Card,2,No,52800
CUST0575,Karthick Kumar,55,Male,Salem,Family,2530,59,Fiber,5580,548.5,UPI,0,No,149270
CUST0576,Lavanya Sharma,40,Female,Erode,Standard,1020,24,4G,2410,163.5,Debit Card,3,No,24480
CUST0577,Rakesh Kumar,42,Male,Chennai,Premium,1770,39,Fiber,3970,317.3,Net Banking,2,No,69030
CUST0578,Bhavana Devi,47,Female,Madurai,Basic,570,14,DSL,1070,56.1,Cash,6,Yes,7980
CUST0579,Arun Raj,43,Male,Coimbatore,Family,2340,56,5G,4910,460.8,Credit Card,1,No,131040
CUST0580,Aarthi Sharma,33,Female,Vellore,Premium,1560,29,Fiber,3340,251.6,UPI,2,No,45240
CUST0581,Mohan Kumar,48,Male,Chennai,Standard,1080,28,5G,2710,192.7,Debit Card,3,No,30240
CUST0582,Shalini Priya,44,Female,Madurai,Family,2440,59,Fiber,5150,500.4,Net Banking,1,No,143960
CUST0583,Naveen Raj,36,Male,Coimbatore,Basic,600,15,4G,1180,64.9,Cash,5,Yes,9000
CUST0584,Divya Devi,35,Female,Trichy,Premium,1610,31,5G,3450,257.2,Credit Card,2,No,49910
CUST0585,Sanjay Kumar,56,Male,Salem,Family,2550,60,Fiber,5620,552.6,UPI,0,No,153000
CUST0586,Rekha Priya,40,Female,Erode,Standard,1020,23,DSL,2170,158.6,Debit Card,4,No,23460
CUST0587,Sathish Raj,41,Male,Chennai,Premium,1790,40,Fiber,3990,318.4,Net Banking,2,No,71600
CUST0588,Kavitha Sharma,46,Female,Madurai,Basic,580,13,4G,1110,57.3,Cash,7,Yes,7540
CUST0589,Gopi Kumar,42,Male,Coimbatore,Family,2330,54,5G,4860,455.1,Credit Card,1,No,125820
CUST0590,Haritha Devi,32,Female,Trichy,Premium,1570,28,Fiber,3290,248.3,UPI,2,No,43960
CUST0591,Rajesh Kumar,47,Male,Chennai,Standard,1060,27,5G,2680,190.6,Debit Card,3,No,28620
CUST0592,Padmini Sharma,43,Female,Madurai,Family,2400,57,Fiber,5090,493.5,Net Banking,1,No,136800
CUST0593,Vignesh Raj,35,Male,Coimbatore,Basic,620,16,DSL,1200,66.8,Cash,5,Yes,9920
CUST0594,Shruthi Priya,34,Female,Trichy,Premium,1640,32,5G,3520,261.7,Credit Card,2,No,52480
CUST0595,Bharani Kumar,54,Male,Salem,Family,2520,58,Fiber,5540,546.2,UPI,0,No,146160
CUST0596,Nivetha Devi,38,Female,Erode,Standard,1010,22,4G,2360,160.4,Debit Card,3,No,22220
CUST0597,Praveen Kumar,40,Male,Chennai,Premium,1780,41,Fiber,3980,317.8,Net Banking,2,No,72980
CUST0598,Bhavani Sharma,45,Female,Madurai,Basic,560,12,DSL,1040,54.2,Cash,6,Yes,6720
CUST0599,Murugan Raj,43,Male,Coimbatore,Family,2310,55,5G,4830,452.9,Credit Card,1,No,127050
CUST0600,Anitha Priya,33,Female,Vellore,Premium,1560,29,Fiber,3310,249.8,UPI,2,No,45240
CUST0601,Hari Krishna,38,Male,Chennai,Basic,630,17,4G,1220,69.4,UPI,5,Yes,10710
CUST0602,Priya Lakshmi,42,Female,Madurai,Premium,1680,36,Fiber,3790,304.5,Credit Card,2,No,60480
CUST0603,Arjun Raj,50,Male,Coimbatore,Standard,1100,29,5G,2750,190.8,Debit Card,3,No,31900
CUST0604,Kavya Sharma,35,Female,Trichy,Family,2380,51,Fiber,5030,451.2,Net Banking,1,No,121380
CUST0605,Siva Kumar,46,Male,Salem,Basic,590,15,DSL,1100,57.9,Cash,6,Yes,8850
CUST0606,Divya Priya,39,Female,Erode,Premium,1600,34,5G,3500,259.8,UPI,2,No,54400
CUST0607,Naveen Raj,56,Male,Chennai,Family,2480,60,Fiber,5430,529.7,Credit Card,0,No,148800
CUST0608,Anjali Devi,41,Female,Madurai,Standard,1030,25,4G,2320,156.9,Debit Card,4,No,25750
CUST0609,Gokul Raj,49,Male,Tirunelveli,Basic,650,16,DSL,1340,78.6,Cash,5,Yes,10400
CUST0610,Nandhini Priya,36,Female,Vellore,Premium,1730,38,Fiber,3800,305.8,Net Banking,1,No,65740
CUST0611,Ajith Kumar,44,Male,Chennai,Standard,1060,28,5G,2590,173.6,Credit Card,3,No,29680
CUST0612,Pooja Sharma,52,Female,Madurai,Family,2440,60,Fiber,5220,507.1,UPI,1,No,146400
CUST0613,Prakash Raj,40,Male,Coimbatore,Basic,600,16,4G,1200,66.5,Cash,7,Yes,9600
CUST0614,Rekha Devi,37,Female,Trichy,Premium,1640,35,5G,3550,264.1,Debit Card,2,No,57400
CUST0615,Manoj Kumar,58,Male,Salem,Family,2570,60,Fiber,5750,560.4,Credit Card,0,No,154200
CUST0616,Deepika Sharma,42,Female,Erode,Standard,1020,26,DSL,2190,161.4,UPI,4,No,26520
CUST0617,Vinoth Raj,39,Male,Chennai,Premium,1820,43,Fiber,4040,323.5,Net Banking,2,No,78260
CUST0618,Swetha Sharma,48,Female,Madurai,Basic,570,14,4G,1130,57.2,Cash,8,Yes,7980
CUST0619,Bharath Raj,45,Male,Coimbatore,Family,2340,56,5G,4910,461.8,Credit Card,1,No,131040
CUST0620,Janani Priya,34,Female,Trichy,Premium,1560,30,Fiber,3350,253.7,UPI,2,No,46800
CUST0621,Harish Kumar,50,Male,Chennai,Standard,1080,30,5G,2770,197.4,Debit Card,3,No,32400
CUST0622,Nisha Devi,46,Female,Madurai,Family,2430,59,Fiber,5150,501.6,Net Banking,1,No,143370
CUST0623,Surya Raj,38,Male,Coimbatore,Basic,640,17,DSL,1260,70.1,Cash,5,Yes,10880
CUST0624,Meena Priya,35,Female,Trichy,Premium,1660,33,5G,3530,262.5,Credit Card,2,No,54780
CUST0625,Karthick Kumar,56,Male,Salem,Family,2540,59,Fiber,5600,551.2,UPI,0,No,149860
CUST0626,Lavanya Sharma,41,Female,Erode,Standard,1030,25,4G,2440,166.8,Debit Card,3,No,25750
CUST0627,Rakesh Kumar,43,Male,Chennai,Premium,1780,40,Fiber,4000,320.4,Net Banking,2,No,71200
CUST0628,Bhavana Devi,48,Female,Madurai,Basic,580,15,DSL,1090,58.7,Cash,6,Yes,8700
CUST0629,Arun Raj,44,Male,Coimbatore,Family,2350,57,5G,4940,464.5,Credit Card,1,No,133950
CUST0630,Aarthi Sharma,34,Female,Vellore,Premium,1570,30,Fiber,3370,255.6,UPI,2,No,47100
CUST0631,Mohan Kumar,49,Male,Chennai,Standard,1090,29,5G,2740,195.3,Debit Card,3,No,31610
CUST0632,Shalini Priya,45,Female,Madurai,Family,2450,60,Fiber,5180,504.2,Net Banking,1,No,147000
CUST0633,Naveen Raj,37,Male,Coimbatore,Basic,610,16,4G,1210,67.9,Cash,5,Yes,9760
CUST0634,Divya Devi,36,Female,Trichy,Premium,1620,32,5G,3480,260.1,Credit Card,2,No,51840
CUST0635,Sanjay Kumar,57,Male,Salem,Family,2560,60,Fiber,5650,556.9,UPI,0,No,153600
CUST0636,Rekha Priya,41,Female,Erode,Standard,1030,24,DSL,2200,163.7,Debit Card,4,No,24720
CUST0637,Sathish Raj,42,Male,Chennai,Premium,1800,41,Fiber,4020,321.8,Net Banking,2,No,73800
CUST0638,Kavitha Sharma,47,Female,Madurai,Basic,590,14,4G,1140,60.2,Cash,7,Yes,8260
CUST0639,Gopi Kumar,43,Male,Coimbatore,Family,2340,55,5G,4890,459.7,Credit Card,1,No,128700
CUST0640,Haritha Devi,33,Female,Trichy,Premium,1580,29,Fiber,3320,252.8,UPI,2,No,45820
CUST0641,Rajesh Kumar,48,Male,Chennai,Standard,1070,28,5G,2710,193.5,Debit Card,3,No,29960
CUST0642,Padmini Sharma,44,Female,Madurai,Family,2410,58,Fiber,5120,498.6,Net Banking,1,No,139780
CUST0643,Vignesh Raj,36,Male,Coimbatore,Basic,630,17,DSL,1230,69.3,Cash,5,Yes,10710
CUST0644,Shruthi Priya,35,Female,Trichy,Premium,1650,33,5G,3550,264.8,Credit Card,2,No,54450
CUST0645,Bharani Kumar,55,Male,Salem,Family,2530,58,Fiber,5560,549.5,UPI,0,No,146740
CUST0646,Nivetha Devi,39,Female,Erode,Standard,1020,23,4G,2390,163.2,Debit Card,3,No,23460
CUST0647,Praveen Kumar,41,Male,Chennai,Premium,1790,42,Fiber,4010,320.7,Net Banking,2,No,75180
CUST0648,Bhavani Sharma,46,Female,Madurai,Basic,570,13,DSL,1060,56.5,Cash,6,Yes,7410
CUST0649,Murugan Raj,44,Male,Coimbatore,Family,2320,56,5G,4860,456.8,Credit Card,1,No,129920
CUST0650,Anitha Priya,34,Female,Vellore,Premium,1570,30,Fiber,3340,254.4,UPI,2,No,47100
CUST0651,Hari Kumar,39,Male,Chennai,Basic,640,18,4G,1240,71.5,UPI,5,Yes,11520
CUST0652,Priya Devi,43,Female,Madurai,Premium,1690,37,Fiber,3820,307.4,Credit Card,2,No,62530
CUST0653,Arun Kumar,51,Male,Coimbatore,Standard,1110,30,5G,2780,193.2,Debit Card,3,No,33300
CUST0654,Kavya Devi,36,Female,Trichy,Family,2390,52,Fiber,5060,454.6,Net Banking,1,No,124280
CUST0655,Siva Raj,47,Male,Salem,Basic,600,16,DSL,1120,60.8,Cash,6,Yes,9600
CUST0656,Divya Priya,40,Female,Erode,Premium,1610,35,5G,3530,262.7,UPI,2,No,56350
CUST0657,Naveen Kumar,57,Male,Chennai,Family,2490,60,Fiber,5460,532.1,Credit Card,0,No,149400
CUST0658,Anjali Devi,42,Female,Madurai,Standard,1040,26,4G,2350,160.4,Debit Card,4,No,27040
CUST0659,Gokul Raj,50,Male,Tirunelveli,Basic,660,17,DSL,1360,81.1,Cash,5,Yes,11220
CUST0660,Nandhini Priya,37,Female,Vellore,Premium,1740,39,Fiber,3830,308.9,Net Banking,1,No,67860
CUST0661,Ajith Kumar,45,Male,Chennai,Standard,1070,29,5G,2620,176.8,Credit Card,3,No,31030
CUST0662,Pooja Sharma,53,Female,Madurai,Family,2450,60,Fiber,5250,510.5,UPI,1,No,147000
CUST0663,Prakash Raj,41,Male,Coimbatore,Basic,610,17,4G,1230,68.7,Cash,7,Yes,10370
CUST0664,Rekha Devi,38,Female,Trichy,Premium,1650,36,5G,3580,266.9,Debit Card,2,No,59400
CUST0665,Manoj Kumar,59,Male,Salem,Family,2580,60,Fiber,5780,563.8,Credit Card,0,No,154800
CUST0666,Deepika Sharma,43,Female,Erode,Standard,1040,27,DSL,2220,166.1,UPI,4,No,28080
CUST0667,Vinoth Raj,40,Male,Chennai,Premium,1830,44,Fiber,4070,326.4,Net Banking,2,No,80520
CUST0668,Swetha Sharma,49,Female,Madurai,Basic,580,15,4G,1160,59.4,Cash,8,Yes,8700
CUST0669,Bharath Raj,46,Male,Coimbatore,Family,2350,57,5G,4940,465.9,Credit Card,1,No,133950
CUST0670,Janani Priya,35,Female,Trichy,Premium,1570,31,Fiber,3380,257.2,UPI,2,No,48670
CUST0671,Harish Kumar,51,Male,Chennai,Standard,1090,31,5G,2800,200.5,Debit Card,3,No,33790
CUST0672,Nisha Devi,47,Female,Madurai,Family,2440,59,Fiber,5180,504.8,Net Banking,1,No,143960
CUST0673,Surya Raj,39,Male,Coimbatore,Basic,650,18,DSL,1280,72.6,Cash,5,Yes,11700
CUST0674,Meena Priya,36,Female,Trichy,Premium,1670,34,5G,3560,265.4,Credit Card,2,No,56780
CUST0675,Karthick Kumar,57,Male,Salem,Family,2550,59,Fiber,5620,554.7,UPI,0,No,150450
CUST0676,Lavanya Sharma,42,Female,Erode,Standard,1040,26,4G,2470,169.3,Debit Card,3,No,27040
CUST0677,Rakesh Kumar,44,Male,Chennai,Premium,1790,41,Fiber,4030,323.8,Net Banking,2,No,73390
CUST0678,Bhavana Devi,49,Female,Madurai,Basic,590,16,DSL,1120,60.9,Cash,6,Yes,9440
CUST0679,Arun Raj,45,Male,Coimbatore,Family,2360,58,5G,4970,468.2,Credit Card,1,No,136880
CUST0680,Aarthi Sharma,35,Female,Vellore,Premium,1580,31,Fiber,3400,258.8,UPI,2,No,48980
CUST0681,Mohan Kumar,50,Male,Chennai,Standard,1100,30,5G,2770,198.1,Debit Card,3,No,33000
CUST0682,Shalini Priya,46,Female,Madurai,Family,2460,60,Fiber,5210,507.9,Net Banking,1,No,147600
CUST0683,Naveen Raj,38,Male,Coimbatore,Basic,620,17,4G,1240,70.4,Cash,5,Yes,10540
CUST0684,Divya Devi,37,Female,Trichy,Premium,1630,33,5G,3510,263.6,Credit Card,2,No,53790
CUST0685,Sanjay Kumar,58,Male,Salem,Family,2570,60,Fiber,5680,560.8,UPI,0,No,154200
CUST0686,Rekha Priya,42,Female,Erode,Standard,1040,25,DSL,2230,167.8,Debit Card,4,No,26000
CUST0687,Sathish Raj,43,Male,Chennai,Premium,1810,42,Fiber,4050,325.1,Net Banking,2,No,76020
CUST0688,Kavitha Sharma,48,Female,Madurai,Basic,600,15,4G,1170,62.7,Cash,7,Yes,9000
CUST0689,Gopi Kumar,44,Male,Coimbatore,Family,2350,56,5G,4920,463.4,Credit Card,1,No,131600
CUST0690,Haritha Devi,34,Female,Trichy,Premium,1590,30,Fiber,3350,256.3,UPI,2,No,47700
CUST0691,Rajesh Kumar,49,Male,Chennai,Standard,1080,29,5G,2740,196.2,Debit Card,3,No,31320
CUST0692,Padmini Sharma,45,Female,Madurai,Family,2420,58,Fiber,5150,501.3,Net Banking,1,No,140360
CUST0693,Vignesh Raj,37,Male,Coimbatore,Basic,640,18,DSL,1260,71.1,Cash,5,Yes,11520
CUST0694,Shruthi Priya,36,Female,Trichy,Premium,1660,34,5G,3580,267.2,Credit Card,2,No,56440
CUST0695,Bharani Kumar,56,Male,Salem,Family,2540,59,Fiber,5590,552.4,UPI,0,No,149860
CUST0696,Nivetha Devi,40,Female,Erode,Standard,1030,24,4G,2420,166.5,Debit Card,3,No,24720
CUST0697,Praveen Kumar,42,Male,Chennai,Premium,1800,43,Fiber,4040,324.6,Net Banking,2,No,77400
CUST0698,Bhavani Sharma,47,Female,Madurai,Basic,580,14,DSL,1090,58.8,Cash,6,Yes,8120
CUST0699,Murugan Raj,45,Male,Coimbatore,Family,2330,57,5G,4890,460.5,Credit Card,1,No,132810
CUST0700,Anitha Priya,35,Female,Vellore,Premium,1580,31,Fiber,3370,257.1,UPI,2,No,48980
CUST0701,Hari Kumar,40,Male,Chennai,Basic,650,18,4G,1280,73.8,UPI,5,Yes,11700
CUST0702,Priya Devi,44,Female,Madurai,Premium,1700,38,Fiber,3850,310.5,Credit Card,2,No,64600
CUST0703,Arun Kumar,52,Male,Coimbatore,Standard,1120,31,5G,2810,196.4,Debit Card,3,No,34720
CUST0704,Kavya Sharma,37,Female,Trichy,Family,2400,53,Fiber,5090,458.7,Net Banking,1,No,127200
CUST0705,Siva Raj,48,Male,Salem,Basic,610,17,DSL,1140,63.5,Cash,6,Yes,10370
CUST0706,Divya Priya,41,Female,Erode,Premium,1620,36,5G,3560,266.1,UPI,2,No,58320
CUST0707,Naveen Kumar,58,Male,Chennai,Family,2500,60,Fiber,5490,536.8,Credit Card,0,No,150000
CUST0708,Anjali Devi,43,Female,Madurai,Standard,1050,27,4G,2380,164.9,Debit Card,4,No,28350
CUST0709,Gokul Raj,51,Male,Tirunelveli,Basic,670,18,DSL,1380,84.2,Cash,5,Yes,12060
CUST0710,Nandhini Priya,38,Female,Vellore,Premium,1750,40,Fiber,3860,311.8,Net Banking,1,No,70000
CUST0711,Ajith Kumar,46,Male,Chennai,Standard,1080,30,5G,2650,180.2,Credit Card,3,No,32400
CUST0712,Pooja Sharma,54,Female,Madurai,Family,2460,60,Fiber,5280,514.3,UPI,1,No,147600
CUST0713,Prakash Raj,42,Male,Coimbatore,Basic,620,18,4G,1260,71.5,Cash,7,Yes,11160
CUST0714,Rekha Devi,39,Female,Trichy,Premium,1660,37,5G,3610,270.4,Debit Card,2,No,61420
CUST0715,Manoj Kumar,60,Male,Salem,Family,2590,60,Fiber,5810,567.2,Credit Card,0,No,155400
CUST0716,Deepika Sharma,44,Female,Erode,Standard,1050,28,DSL,2250,171.2,UPI,4,No,29400
CUST0717,Vinoth Raj,41,Male,Chennai,Premium,1840,45,Fiber,4100,330.7,Net Banking,2,No,82800
CUST0718,Swetha Sharma,50,Female,Madurai,Basic,590,16,4G,1180,62.8,Cash,8,Yes,9440
CUST0719,Bharath Raj,47,Male,Coimbatore,Family,2360,58,5G,5000,472.5,Credit Card,1,No,136880
CUST0720,Janani Priya,36,Female,Trichy,Premium,1580,32,Fiber,3410,261.5,UPI,2,No,50560
CUST0721,Harish Kumar,52,Male,Chennai,Standard,1100,32,5G,2830,204.1,Debit Card,3,No,35200
CUST0722,Nisha Devi,48,Female,Madurai,Family,2450,59,Fiber,5210,508.9,Net Banking,1,No,144550
CUST0723,Surya Raj,40,Male,Coimbatore,Basic,660,19,DSL,1300,75.4,Cash,5,Yes,12540
CUST0724,Meena Priya,37,Female,Trichy,Premium,1680,35,5G,3590,269.1,Credit Card,2,No,58800
CUST0725,Karthick Kumar,58,Male,Salem,Family,2560,59,Fiber,5650,558.6,UPI,0,No,151040
CUST0726,Lavanya Sharma,43,Female,Erode,Standard,1060,27,4G,2500,174.8,Debit Card,3,No,28620
CUST0727,Rakesh Kumar,45,Male,Chennai,Premium,1800,42,Fiber,4060,327.3,Net Banking,2,No,75600
CUST0728,Bhavana Devi,50,Female,Madurai,Basic,600,17,DSL,1140,64.2,Cash,6,Yes,10200
CUST0729,Arun Raj,46,Male,Coimbatore,Family,2370,59,5G,5030,475.8,Credit Card,1,No,139830
CUST0730,Aarthi Sharma,36,Female,Vellore,Premium,1590,32,Fiber,3430,263.7,UPI,2,No,50880
CUST0731,Mohan Kumar,51,Male,Chennai,Standard,1110,31,5G,2800,201.6,Debit Card,3,No,34410
CUST0732,Shalini Priya,47,Female,Madurai,Family,2470,60,Fiber,5240,511.5,Net Banking,1,No,148200
CUST0733,Naveen Raj,39,Male,Coimbatore,Basic,630,18,4G,1270,72.3,Cash,5,Yes,11340
CUST0734,Divya Devi,38,Female,Trichy,Premium,1640,34,5G,3540,267.8,Credit Card,2,No,55760
CUST0735,Sanjay Kumar,59,Male,Salem,Family,2580,60,Fiber,5710,564.1,UPI,0,No,154800
CUST0736,Rekha Priya,43,Female,Erode,Standard,1050,26,DSL,2260,172.9,Debit Card,4,No,27300
CUST0737,Sathish Raj,44,Male,Chennai,Premium,1820,43,Fiber,4080,329.2,Net Banking,2,No,78260
CUST0738,Kavitha Sharma,49,Female,Madurai,Basic,610,16,4G,1200,66.4,Cash,7,Yes,9760
CUST0739,Gopi Kumar,45,Male,Coimbatore,Family,2360,57,5G,4970,470.6,Credit Card,1,No,134520
CUST0740,Haritha Devi,35,Female,Trichy,Premium,1600,31,Fiber,3380,260.1,UPI,2,No,49600
CUST0741,Rajesh Kumar,50,Male,Chennai,Standard,1090,30,5G,2770,199.7,Debit Card,3,No,32700
CUST0742,Padmini Sharma,46,Female,Madurai,Family,2430,58,Fiber,5180,506.2,Net Banking,1,No,140940
CUST0743,Vignesh Raj,38,Male,Coimbatore,Basic,650,19,DSL,1290,74.1,Cash,5,Yes,12350
CUST0744,Shruthi Priya,37,Female,Trichy,Premium,1670,35,5G,3610,271.5,Credit Card,2,No,58450
CUST0745,Bharani Kumar,57,Male,Salem,Family,2550,59,Fiber,5620,555.8,UPI,0,No,150450
CUST0746,Nivetha Devi,41,Female,Erode,Standard,1040,25,4G,2450,170.3,Debit Card,3,No,26000
CUST0747,Praveen Kumar,43,Male,Chennai,Premium,1810,44,Fiber,4070,328.6,Net Banking,2,No,79640
CUST0748,Bhavani Sharma,48,Female,Madurai,Basic,590,15,DSL,1120,61.7,Cash,6,Yes,8850
CUST0749,Murugan Raj,46,Male,Coimbatore,Family,2340,58,5G,4920,467.9,Credit Card,1,No,135720
CUST0750,Anitha Priya,36,Female,Vellore,Premium,1590,32,Fiber,3400,262.4,UPI,2,No,50880
CUST0751,Hari Krishna,41,Male,Chennai,Basic,660,19,4G,1300,76.5,UPI,5,Yes,12540
CUST0752,Priya Lakshmi,45,Female,Madurai,Premium,1710,39,Fiber,3880,313.7,Credit Card,2,No,66690
CUST0753,Arjun Raj,53,Male,Coimbatore,Standard,1130,32,5G,2840,199.1,Debit Card,3,No,36160
CUST0754,Kavya Sharma,38,Female,Trichy,Family,2410,54,Fiber,5120,461.3,Net Banking,1,No,130140
CUST0755,Siva Kumar,49,Male,Salem,Basic,620,18,DSL,1160,66.2,Cash,6,Yes,11160
CUST0756,Divya Priya,42,Female,Erode,Premium,1630,37,5G,3590,269.4,UPI,2,No,60310
CUST0757,Naveen Raj,59,Male,Chennai,Family,2510,60,Fiber,5520,539.5,Credit Card,0,No,150600
CUST0758,Anjali Devi,44,Female,Madurai,Standard,1060,28,4G,2410,168.1,Debit Card,4,No,29680
CUST0759,Gokul Raj,52,Male,Tirunelveli,Basic,680,19,DSL,1400,86.7,Cash,5,Yes,12920
CUST0760,Nandhini Priya,39,Female,Vellore,Premium,1760,41,Fiber,3890,315.2,Net Banking,1,No,72160
CUST0761,Ajith Kumar,47,Male,Chennai,Standard,1090,31,5G,2680,183.5,Credit Card,3,No,33790
CUST0762,Pooja Sharma,55,Female,Madurai,Family,2480,60,Fiber,5310,517.8,UPI,1,No,148800
CUST0763,Prakash Raj,43,Male,Coimbatore,Basic,630,19,4G,1290,74.6,Cash,7,Yes,11970
CUST0764,Rekha Devi,40,Female,Trichy,Premium,1670,38,5G,3640,273.2,Debit Card,2,No,63460
CUST0765,Manoj Kumar,61,Male,Salem,Family,2600,60,Fiber,5840,570.6,Credit Card,0,No,156000
CUST0766,Deepika Sharma,45,Female,Erode,Standard,1060,29,DSL,2280,175.4,UPI,4,No,30740
CUST0767,Vinoth Raj,42,Male,Chennai,Premium,1850,46,Fiber,4130,333.5,Net Banking,2,No,85100
CUST0768,Swetha Sharma,51,Female,Madurai,Basic,600,17,4G,1210,65.3,Cash,8,Yes,10200
CUST0769,Bharath Raj,48,Male,Coimbatore,Family,2370,59,5G,5060,478.4,Credit Card,1,No,139830
CUST0770,Janani Priya,37,Female,Trichy,Premium,1600,33,Fiber,3440,264.9,UPI,2,No,52800
CUST0771,Harish Kumar,53,Male,Chennai,Standard,1110,33,5G,2860,207.3,Debit Card,3,No,36630
CUST0772,Nisha Devi,49,Female,Madurai,Family,2460,59,Fiber,5240,512.1,Net Banking,1,No,145140
CUST0773,Surya Raj,41,Male,Coimbatore,Basic,670,20,DSL,1320,78.9,Cash,5,Yes,13400
CUST0774,Meena Priya,38,Female,Trichy,Premium,1690,36,5G,3620,272.4,Credit Card,2,No,60840
CUST0775,Karthick Kumar,59,Male,Salem,Family,2570,59,Fiber,5680,561.5,UPI,0,No,151630
CUST0776,Lavanya Sharma,44,Female,Erode,Standard,1070,28,4G,2530,178.6,Debit Card,3,No,29960
CUST0777,Rakesh Kumar,46,Male,Chennai,Premium,1810,43,Fiber,4090,331.1,Net Banking,2,No,77830
CUST0778,Bhavana Devi,51,Female,Madurai,Basic,610,18,DSL,1160,67.1,Cash,6,Yes,10980
CUST0779,Arun Raj,47,Male,Coimbatore,Family,2380,60,5G,5090,481.2,Credit Card,1,No,142800
CUST0780,Aarthi Sharma,37,Female,Vellore,Premium,1610,33,Fiber,3460,266.3,UPI,2,No,53130
CUST0781,Mohan Kumar,52,Male,Chennai,Standard,1120,32,5G,2830,204.8,Debit Card,3,No,35840
CUST0782,Shalini Priya,48,Female,Madurai,Family,2490,60,Fiber,5270,515.4,Net Banking,1,No,149400
CUST0783,Naveen Raj,40,Male,Coimbatore,Basic,640,19,4G,1300,76.8,Cash,5,Yes,12160
CUST0784,Divya Devi,39,Female,Trichy,Premium,1650,35,5G,3570,270.5,Credit Card,2,No,57750
CUST0785,Sanjay Kumar,60,Male,Salem,Family,2590,60,Fiber,5740,567.9,UPI,0,No,155400
CUST0786,Rekha Priya,44,Female,Erode,Standard,1060,27,DSL,2290,177.2,Debit Card,4,No,28620
CUST0787,Sathish Raj,45,Male,Chennai,Premium,1830,44,Fiber,4110,332.6,Net Banking,2,No,80520
CUST0788,Kavitha Sharma,50,Female,Madurai,Basic,620,17,4G,1230,69.2,Cash,7,Yes,10540
CUST0789,Gopi Kumar,46,Male,Coimbatore,Family,2370,58,5G,5000,474.3,Credit Card,1,No,137460
CUST0790,Haritha Devi,36,Female,Trichy,Premium,1620,32,Fiber,3410,264.1,UPI,2,No,51840
CUST0791,Rajesh Kumar,51,Male,Chennai,Standard,1100,31,5G,2800,202.5,Debit Card,3,No,34100
CUST0792,Padmini Sharma,47,Female,Madurai,Family,2440,59,Fiber,5210,509.8,Net Banking,1,No,143960
CUST0793,Vignesh Raj,39,Male,Coimbatore,Basic,660,20,DSL,1320,77.4,Cash,5,Yes,13200
CUST0794,Shruthi Priya,38,Female,Trichy,Premium,1680,36,5G,3640,274.6,Credit Card,2,No,60480
CUST0795,Bharani Kumar,58,Male,Salem,Family,2560,59,Fiber,5650,558.7,UPI,0,No,151040
CUST0796,Nivetha Devi,42,Female,Erode,Standard,1050,26,4G,2480,174.1,Debit Card,3,No,27300
CUST0797,Praveen Kumar,44,Male,Chennai,Premium,1820,45,Fiber,4100,330.9,Net Banking,2,No,81900
CUST0798,Bhavani Sharma,49,Female,Madurai,Basic,600,16,DSL,1140,64.9,Cash,6,Yes,9600
CUST0799,Murugan Raj,47,Male,Coimbatore,Family,2350,59,5G,4950,471.7,Credit Card,1,No,138650
CUST0800,Anitha Priya,37,Female,Vellore,Premium,1610,33,Fiber,3430,265.5,UPI,2,No,53130
CUST0801,Hari Kumar,42,Male,Chennai,Basic,670,20,4G,1340,79.6,UPI,5,Yes,13400
CUST0802,Priya Devi,46,Female,Madurai,Premium,1720,40,Fiber,3910,317.2,Credit Card,2,No,68800
CUST0803,Arun Kumar,54,Male,Coimbatore,Standard,1140,33,5G,2870,202.8,Debit Card,3,No,37620
CUST0804,Kavya Sharma,39,Female,Trichy,Family,2420,55,Fiber,5150,466.9,Net Banking,1,No,133100
CUST0805,Siva Raj,50,Male,Salem,Basic,630,19,DSL,1180,68.7,Cash,6,Yes,11970
CUST0806,Divya Priya,43,Female,Erode,Premium,1640,38,5G,3620,273.5,UPI,2,No,62320
CUST0807,Naveen Kumar,60,Male,Chennai,Family,2520,60,Fiber,5550,544.1,Credit Card,0,No,151200
CUST0808,Anjali Devi,45,Female,Madurai,Standard,1070,29,4G,2440,172.6,Debit Card,4,No,31030
CUST0809,Gokul Raj,53,Male,Tirunelveli,Basic,690,20,DSL,1420,89.5,Cash,5,Yes,13800
CUST0810,Nandhini Priya,40,Female,Vellore,Premium,1770,42,Fiber,3920,318.8,Net Banking,1,No,74340
CUST0811,Ajith Kumar,48,Male,Chennai,Standard,1100,32,5G,2710,187.9,Credit Card,3,No,35200
CUST0812,Pooja Sharma,56,Female,Madurai,Family,2500,60,Fiber,5340,521.6,UPI,1,No,150000
CUST0813,Prakash Raj,44,Male,Coimbatore,Basic,640,20,4G,1320,78.3,Cash,7,Yes,12800
CUST0814,Rekha Devi,41,Female,Trichy,Premium,1680,39,5G,3670,277.4,Debit Card,2,No,65520
CUST0815,Manoj Kumar,62,Male,Salem,Family,2610,60,Fiber,5870,574.3,Credit Card,0,No,156600
CUST0816,Deepika Sharma,46,Female,Erode,Standard,1070,30,DSL,2310,180.5,UPI,4,No,32100
CUST0817,Vinoth Raj,44,Male,Chennai,Premium,1860,47,Fiber,4160,338.2,Net Banking,2,No,87420
CUST0818,Swetha Sharma,53,Female,Madurai,Basic,610,18,4G,1240,68.4,Cash,8,Yes,10980
CUST0819,Bharath Raj,50,Male,Coimbatore,Family,2380,60,5G,5120,486.1,Credit Card,1,No,142800
CUST0820,Janani Priya,39,Female,Trichy,Premium,1620,34,Fiber,3490,271.2,UPI,2,No,55080
CUST0821,Harish Kumar,55,Male,Chennai,Standard,1130,34,5G,2890,211.5,Debit Card,3,No,38420
CUST0822,Nisha Devi,51,Female,Madurai,Family,2480,60,Fiber,5300,518.7,Net Banking,1,No,148800
CUST0823,Surya Raj,43,Male,Coimbatore,Basic,680,21,DSL,1360,82.6,Cash,5,Yes,14280
CUST0824,Meena Priya,40,Female,Trichy,Premium,1700,37,5G,3680,278.8,Credit Card,2,No,62900
CUST0825,Karthick Kumar,61,Male,Salem,Family,2580,60,Fiber,5710,566.3,UPI,0,No,154800
CUST0826,Lavanya Sharma,46,Female,Erode,Standard,1080,29,4G,2560,183.9,Debit Card,3,No,31320
CUST0827,Rakesh Kumar,48,Male,Chennai,Premium,1830,44,Fiber,4120,335.6,Net Banking,2,No,80520
CUST0828,Bhavana Devi,53,Female,Madurai,Basic,620,19,DSL,1180,69.8,Cash,6,Yes,11780
CUST0829,Arun Raj,49,Male,Coimbatore,Family,2390,60,5G,5150,489.5,Credit Card,1,No,143400
CUST0830,Aarthi Sharma,39,Female,Vellore,Premium,1630,34,Fiber,3510,272.6,UPI,2,No,55420
CUST0831,Mohan Kumar,54,Male,Chennai,Standard,1140,33,5G,2860,208.3,Debit Card,3,No,37620
CUST0832,Shalini Priya,50,Female,Madurai,Family,2510,60,Fiber,5330,520.1,Net Banking,1,No,150600
CUST0833,Naveen Raj,42,Male,Coimbatore,Basic,650,20,4G,1330,79.2,Cash,5,Yes,13000
CUST0834,Divya Devi,41,Female,Trichy,Premium,1660,36,5G,3620,275.9,Credit Card,2,No,59760
CUST0835,Sanjay Kumar,62,Male,Salem,Family,2600,60,Fiber,5770,571.8,UPI,0,No,156000
CUST0836,Rekha Priya,46,Female,Erode,Standard,1070,28,DSL,2320,181.7,Debit Card,4,No,29960
CUST0837,Sathish Raj,47,Male,Chennai,Premium,1840,45,Fiber,4140,336.9,Net Banking,2,No,82800
CUST0838,Kavitha Sharma,52,Female,Madurai,Basic,630,18,4G,1260,71.5,Cash,7,Yes,11340
CUST0839,Gopi Kumar,49,Male,Coimbatore,Family,2380,59,5G,5060,483.7,Credit Card,1,No,140420
CUST0840,Haritha Devi,38,Female,Trichy,Premium,1610,33,Fiber,3460,269.3,UPI,2,No,53130
CUST0841,Rajesh Kumar,53,Male,Chennai,Standard,1120,32,5G,2830,205.8,Debit Card,3,No,35840
CUST0842,Padmini Sharma,49,Female,Madurai,Family,2460,59,Fiber,5270,515.2,Net Banking,1,No,145140
CUST0843,Vignesh Raj,42,Male,Coimbatore,Basic,670,21,DSL,1350,81.4,Cash,5,Yes,14070
CUST0844,Shruthi Priya,41,Female,Trichy,Premium,1690,37,5G,3690,279.7,Credit Card,2,No,62530
CUST0845,Bharani Kumar,61,Male,Salem,Family,2570,60,Fiber,5680,563.4,UPI,0,No,154200
CUST0846,Nivetha Devi,45,Female,Erode,Standard,1060,27,4G,2510,180.2,Debit Card,3,No,28620
CUST0847,Praveen Kumar,47,Male,Chennai,Premium,1830,46,Fiber,4130,335.1,Net Banking,2,No,84180
CUST0848,Bhavani Sharma,52,Female,Madurai,Basic,610,17,DSL,1160,68.3,Cash,6,Yes,10370
CUST0849,Murugan Raj,49,Male,Coimbatore,Family,2360,60,5G,5000,479.6,Credit Card,1,No,141600
CUST0850,Anitha Priya,39,Female,Vellore,Premium,1620,34,Fiber,3480,270.4,UPI,2,No,55080
CUST0851,Hari Krishna,44,Male,Chennai,Basic,680,21,4G,1360,83.7,UPI,5,Yes,14280
CUST0852,Priya Lakshmi,48,Female,Madurai,Premium,1730,41,Fiber,3940,320.8,Credit Card,2,No,70930
CUST0853,Arjun Raj,56,Male,Coimbatore,Standard,1150,34,5G,2900,205.6,Debit Card,3,No,39100
CUST0854,Kavya Sharma,41,Female,Trichy,Family,2430,56,Fiber,5180,470.5,Net Banking,1,No,136080
CUST0855,Siva Kumar,52,Male,Salem,Basic,640,20,DSL,1200,71.1,Cash,6,Yes,12800
CUST0856,Divya Priya,45,Female,Erode,Premium,1650,39,5G,3650,276.8,UPI,2,No,64350
CUST0857,Naveen Raj,62,Male,Chennai,Family,2530,60,Fiber,5580,547.9,Credit Card,0,No,151800
CUST0858,Anjali Devi,47,Female,Madurai,Standard,1080,30,4G,2470,176.3,Debit Card,4,No,32400
CUST0859,Gokul Raj,55,Male,Tirunelveli,Basic,700,21,DSL,1440,92.4,Cash,5,Yes,14700
CUST0860,Nandhini Priya,42,Female,Vellore,Premium,1780,43,Fiber,3950,322.5,Net Banking,1,No,76540
CUST0861,Ajith Kumar,50,Male,Chennai,Standard,1110,33,5G,2740,191.7,Credit Card,3,No,36630
CUST0862,Pooja Sharma,58,Female,Madurai,Family,2520,60,Fiber,5370,524.8,UPI,1,No,151200
CUST0863,Prakash Raj,46,Male,Coimbatore,Basic,650,21,4G,1350,81.9,Cash,7,Yes,13650
CUST0864,Rekha Devi,43,Female,Trichy,Premium,1690,40,5G,3700,281.3,Debit Card,2,No,67600
CUST0865,Manoj Kumar,64,Male,Salem,Family,2620,60,Fiber,5900,577.6,Credit Card,0,No,157200
CUST0866,Deepika Sharma,48,Female,Erode,Standard,1080,31,DSL,2340,184.6,UPI,4,No,33480
CUST0867,Vinoth Raj,46,Male,Chennai,Premium,1870,48,Fiber,4190,341.4,Net Banking,2,No,89760
CUST0868,Swetha Sharma,55,Female,Madurai,Basic,620,19,4G,1270,72.8,Cash,8,Yes,11780
CUST0869,Bharath Raj,52,Male,Coimbatore,Family,2390,60,5G,5180,492.3,Credit Card,1,No,143400
CUST0870,Janani Priya,41,Female,Trichy,Premium,1630,35,Fiber,3520,273.6,UPI,2,No,57050
CUST0871,Harish Kumar,57,Male,Chennai,Standard,1140,35,5G,2920,214.9,Debit Card,3,No,39900
CUST0872,Nisha Devi,53,Female,Madurai,Family,2490,60,Fiber,5360,521.8,Net Banking,1,No,149400
CUST0873,Surya Raj,45,Male,Coimbatore,Basic,690,22,DSL,1380,85.7,Cash,5,Yes,15180
CUST0874,Meena Priya,42,Female,Trichy,Premium,1710,38,5G,3710,282.7,Credit Card,2,No,64980
CUST0875,Karthick Kumar,63,Male,Salem,Family,2590,60,Fiber,5740,569.5,UPI,0,No,155400
CUST0876,Lavanya Sharma,48,Female,Erode,Standard,1090,30,4G,2590,187.5,Debit Card,3,No,32700
CUST0877,Rakesh Kumar,50,Male,Chennai,Premium,1840,45,Fiber,4150,338.7,Net Banking,2,No,82800
CUST0878,Bhavana Devi,55,Female,Madurai,Basic,630,20,DSL,1200,71.6,Cash,6,Yes,12600
CUST0879,Arun Raj,51,Male,Coimbatore,Family,2400,60,5G,5210,495.9,Credit Card,1,No,144000
CUST0880,Aarthi Sharma,41,Female,Vellore,Premium,1640,35,Fiber,3540,275.1,UPI,2,No,57400
CUST0881,Mohan Kumar,56,Male,Chennai,Standard,1150,34,5G,2890,212.4,Debit Card,3,No,39100
CUST0882,Shalini Priya,52,Female,Madurai,Family,2530,60,Fiber,5390,526.5,Net Banking,1,No,151800
CUST0883,Naveen Raj,44,Male,Coimbatore,Basic,660,21,4G,1360,83.1,Cash,5,Yes,13860
CUST0884,Divya Devi,43,Female,Trichy,Premium,1670,37,5G,3650,278.4,Credit Card,2,No,61790
CUST0885,Sanjay Kumar,64,Male,Salem,Family,2610,60,Fiber,5800,574.2,UPI,0,No,156600
CUST0886,Rekha Priya,48,Female,Erode,Standard,1080,29,DSL,2350,186.8,Debit Card,4,No,31320
CUST0887,Sathish Raj,49,Male,Chennai,Premium,1850,46,Fiber,4170,340.2,Net Banking,2,No,85100
CUST0888,Kavitha Sharma,54,Female,Madurai,Basic,640,19,4G,1290,74.5,Cash,7,Yes,12160
CUST0889,Gopi Kumar,51,Male,Coimbatore,Family,2390,59,5G,5090,488.1,Credit Card,1,No,141010
CUST0890,Haritha Devi,40,Female,Trichy,Premium,1630,34,Fiber,3490,272.7,UPI,2,No,55420
CUST0891,Rajesh Kumar,55,Male,Chennai,Standard,1130,33,5G,2860,209.6,Debit Card,3,No,37290
CUST0892,Padmini Sharma,51,Female,Madurai,Family,2470,60,Fiber,5300,519.3,Net Banking,1,No,148200
CUST0893,Vignesh Raj,44,Male,Coimbatore,Basic,680,22,DSL,1380,84.9,Cash,5,Yes,14960
CUST0894,Shruthi Priya,40,Female,Trichy,Premium,1700,38,5G,3720,283.9,Credit Card,2,No,64600
CUST0895,Bharani Kumar,60,Male,Salem,Family,2580,60,Fiber,5710,566.1,UPI,0,No,154800
CUST0896,Nivetha Devi,44,Female,Erode,Standard,1070,28,4G,2540,183.5,Debit Card,3,No,29960
CUST0897,Praveen Kumar,46,Male,Chennai,Premium,1840,47,Fiber,4160,337.6,Net Banking,2,No,86480
CUST0898,Bhavani Sharma,51,Female,Madurai,Basic,620,18,DSL,1180,69.5,Cash,6,Yes,11160
CUST0899,Murugan Raj,49,Male,Coimbatore,Family,2370,60,5G,5030,481.4,Credit Card,1,No,142200
CUST0900,Anitha Priya,39,Female,Vellore,Premium,1630,35,Fiber,3510,274.2,UPI,2,No,57050
CUST0901,Hari Kumar,45,Male,Chennai,Basic,690,22,4G,1400,87.3,UPI,5,Yes,15180
CUST0902,Priya Devi,49,Female,Madurai,Premium,1740,42,Fiber,3980,326.4,Credit Card,2,No,73080
CUST0903,Arun Kumar,57,Male,Coimbatore,Standard,1160,35,5G,2960,214.7,Debit Card,3,No,40600
CUST0904,Kavya Sharma,42,Female,Trichy,Family,2440,57,Fiber,5240,479.6,Net Banking,1,No,139080
CUST0905,Siva Raj,53,Male,Salem,Basic,650,21,DSL,1240,75.2,Cash,6,Yes,13650
CUST0906,Divya Priya,46,Female,Erode,Premium,1660,40,5G,3720,285.4,UPI,2,No,66400
CUST0907,Naveen Kumar,63,Male,Chennai,Family,2540,60,Fiber,5640,556.8,Credit Card,0,No,152400
CUST0908,Anjali Devi,48,Female,Madurai,Standard,1090,31,4G,2530,185.6,Debit Card,4,No,33790
CUST0909,Gokul Raj,56,Male,Tirunelveli,Basic,710,22,DSL,1480,96.1,Cash,5,Yes,15620
CUST0910,Nandhini Priya,43,Female,Vellore,Premium,1790,44,Fiber,4020,329.7,Net Banking,1,No,78760
CUST0911,Ajith Kumar,51,Male,Chennai,Standard,1130,34,5G,2800,201.4,Credit Card,3,No,38420
CUST0912,Pooja Sharma,59,Female,Madurai,Family,2540,60,Fiber,5420,532.6,UPI,1,No,152400
CUST0913,Prakash Raj,47,Male,Coimbatore,Basic,670,22,4G,1380,85.9,Cash,7,Yes,14740
CUST0914,Rekha Devi,44,Female,Trichy,Premium,1710,41,5G,3780,289.3,Debit Card,2,No,70110
CUST0915,Manoj Kumar,65,Male,Salem,Family,2630,60,Fiber,5960,586.2,Credit Card,0,No,157800
CUST0916,Deepika Sharma,49,Female,Erode,Standard,1090,32,DSL,2410,194.8,UPI,4,No,34880
CUST0917,Vinoth Raj,47,Male,Chennai,Premium,1880,49,Fiber,4250,349.5,Net Banking,2,No,92120
CUST0918,Swetha Sharma,56,Female,Madurai,Basic,630,20,4G,1310,77.1,Cash,8,Yes,12600
CUST0919,Bharath Raj,53,Male,Coimbatore,Family,2410,60,5G,5270,505.4,Credit Card,1,No,144600
CUST0920,Janani Priya,42,Female,Trichy,Premium,1650,36,Fiber,3600,285.1,UPI,2,No,59400
CUST0921,Harish Kumar,58,Male,Chennai,Standard,1160,36,5G,3010,223.7,Debit Card,3,No,41760
CUST0922,Nisha Devi,54,Female,Madurai,Family,2510,60,Fiber,5410,530.9,Net Banking,1,No,150600
CUST0923,Surya Raj,46,Male,Coimbatore,Basic,700,23,DSL,1430,91.5,Cash,5,Yes,16100
CUST0924,Meena Priya,43,Female,Trichy,Premium,1730,39,5G,3810,291.8,Credit Card,2,No,67470
CUST0925,Karthick Kumar,64,Male,Salem,Family,2600,60,Fiber,5820,579.6,UPI,0,No,156000
CUST0926,Lavanya Sharma,49,Female,Erode,Standard,1100,31,4G,2660,197.3,Debit Card,3,No,34100
CUST0927,Rakesh Kumar,51,Male,Chennai,Premium,1860,46,Fiber,4220,346.2,Net Banking,2,No,85560
CUST0928,Bhavana Devi,56,Female,Madurai,Basic,640,21,DSL,1230,74.8,Cash,6,Yes,13440
CUST0929,Arun Raj,52,Male,Coimbatore,Family,2420,60,5G,5300,508.1,Credit Card,1,No,145200
CUST0930,Aarthi Sharma,42,Female,Vellore,Premium,1660,36,Fiber,3620,286.7,UPI,2,No,59760
CUST0931,Mohan Kumar,57,Male,Chennai,Standard,1170,35,5G,2980,220.1,Debit Card,3,No,40950
CUST0932,Shalini Priya,53,Female,Madurai,Family,2550,60,Fiber,5450,535.8,Net Banking,1,No,153000
CUST0933,Naveen Raj,45,Male,Coimbatore,Basic,680,22,4G,1410,88.6,Cash,5,Yes,14960
CUST0934,Divya Devi,44,Female,Trichy,Premium,1690,38,5G,3750,288.4,Credit Card,2,No,64220
CUST0935,Sanjay Kumar,65,Male,Salem,Family,2620,60,Fiber,5880,583.1,UPI,0,No,157200
CUST0936,Rekha Priya,49,Female,Erode,Standard,1100,30,DSL,2430,196.5,Debit Card,4,No,33000
CUST0937,Sathish Raj,50,Male,Chennai,Premium,1870,47,Fiber,4240,348.8,Net Banking,2,No,87890
CUST0938,Kavitha Sharma,55,Female,Madurai,Basic,650,20,4G,1320,78.7,Cash,7,Yes,13000
CUST0939,Gopi Kumar,52,Male,Coimbatore,Family,2410,59,5G,5210,501.7,Credit Card,1,No,142190
CUST0940,Haritha Devi,41,Female,Trichy,Premium,1640,35,Fiber,3580,283.9,UPI,2,No,57400
CUST0941,Rajesh Kumar,56,Male,Chennai,Standard,1150,34,5G,2940,217.6,Debit Card,3,No,39100
CUST0942,Padmini Sharma,52,Female,Madurai,Family,2490,60,Fiber,5370,527.4,Net Banking,1,No,149400
CUST0943,Vignesh Raj,45,Male,Coimbatore,Basic,690,23,DSL,1420,90.3,Cash,5,Yes,15870
CUST0944,Shruthi Priya,42,Female,Trichy,Premium,1720,39,5G,3820,293.5,Credit Card,2,No,67080
CUST0945,Bharani Kumar,62,Male,Salem,Family,2590,60,Fiber,5780,575.2,UPI,0,No,155400
CUST0946,Nivetha Devi,47,Female,Erode,Standard,1090,29,4G,2630,194.1,Debit Card,3,No,31610
CUST0947,Praveen Kumar,49,Male,Chennai,Premium,1860,48,Fiber,4230,347.6,Net Banking,2,No,89280
CUST0948,Bhavani Sharma,54,Female,Madurai,Basic,640,19,DSL,1210,73.2,Cash,6,Yes,12160
CUST0949,Murugan Raj,52,Male,Coimbatore,Family,2400,60,5G,5180,497.8,Credit Card,1,No,144000
CUST0950,Anitha Priya,42,Female,Vellore,Premium,1650,36,Fiber,3600,284.6,UPI,2,No,59400
CUST0951,Hari Krishna,47,Male,Chennai,Basic,700,23,4G,1440,92.5,UPI,5,Yes,16100
CUST0952,Priya Lakshmi,51,Female,Madurai,Premium,1750,43,Fiber,4010,328.8,Credit Card,2,No,75250
CUST0953,Arjun Raj,59,Male,Coimbatore,Standard,1170,36,5G,3030,226.4,Debit Card,3,No,42120
CUST0954,Kavya Sharma,44,Female,Trichy,Family,2450,58,Fiber,5270,483.1,Net Banking,1,No,142100
CUST0955,Siva Kumar,55,Male,Salem,Basic,660,22,DSL,1260,79.6,Cash,6,Yes,14520
CUST0956,Divya Priya,48,Female,Erode,Premium,1670,41,5G,3760,287.9,UPI,2,No,68470
CUST0957,Naveen Raj,65,Male,Chennai,Family,2550,60,Fiber,5670,560.7,Credit Card,0,No,153000
CUST0958,Anjali Devi,50,Female,Madurai,Standard,1100,32,4G,2560,189.3,Debit Card,4,No,35200
CUST0959,Gokul Raj,58,Male,Tirunelveli,Basic,720,23,DSL,1500,98.8,Cash,5,Yes,16560
CUST0960,Nandhini Priya,45,Female,Vellore,Premium,1800,45,Fiber,4050,332.6,Net Banking,1,No,81000
CUST0961,Ajith Kumar,53,Male,Chennai,Standard,1140,35,5G,2980,221.7,Credit Card,3,No,39900
CUST0962,Pooja Sharma,61,Female,Madurai,Family,2550,60,Fiber,5450,536.2,UPI,1,No,153000
CUST0963,Prakash Raj,49,Male,Coimbatore,Basic,690,23,4G,1430,91.4,Cash,7,Yes,15870
CUST0964,Rekha Devi,46,Female,Trichy,Premium,1730,42,5G,3840,295.1,Debit Card,2,No,72660
CUST0965,Manoj Kumar,67,Male,Salem,Family,2640,60,Fiber,5990,589.8,Credit Card,0,No,158400
CUST0966,Deepika Sharma,51,Female,Erode,Standard,1110,33,DSL,2460,199.7,UPI,4,No,36630
CUST0967,Vinoth Raj,49,Male,Chennai,Premium,1890,50,Fiber,4280,352.4,Net Banking,2,No,94500
CUST0968,Swetha Sharma,58,Female,Madurai,Basic,650,21,4G,1340,80.3,Cash,8,Yes,13650
CUST0969,Bharath Raj,55,Male,Coimbatore,Family,2430,60,5G,5300,510.2,Credit Card,1,No,145800
CUST0970,Janani Priya,44,Female,Trichy,Premium,1660,37,Fiber,3640,288.8,UPI,2,No,61420
CUST0971,Harish Kumar,60,Male,Chennai,Standard,1170,37,5G,3050,228.1,Debit Card,3,No,43290
CUST0972,Nisha Devi,56,Female,Madurai,Family,2520,60,Fiber,5430,533.5,Net Banking,1,No,151200
CUST0973,Surya Raj,48,Male,Coimbatore,Basic,710,24,DSL,1450,95.4,Cash,5,Yes,17040
CUST0974,Meena Priya,45,Female,Trichy,Premium,1740,40,5G,3870,297.6,Credit Card,2,No,69600
CUST0975,Karthick Kumar,66,Male,Salem,Family,2610,60,Fiber,5850,581.9,UPI,0,No,156600
CUST0976,Lavanya Sharma,51,Female,Erode,Standard,1110,32,4G,2680,201.8,Debit Card,3,No,35520
CUST0977,Rakesh Kumar,53,Male,Chennai,Premium,1880,47,Fiber,4260,350.1,Net Banking,2,No,88360
CUST0978,Bhavana Devi,58,Female,Madurai,Basic,660,22,DSL,1260,78.4,Cash,6,Yes,14520
CUST0979,Arun Raj,54,Male,Coimbatore,Family,2440,60,5G,5330,513.6,Credit Card,1,No,146400
CUST0980,Aarthi Sharma,44,Female,Vellore,Premium,1670,37,Fiber,3670,290.2,UPI,2,No,61790
CUST0981,Mohan Kumar,59,Male,Chennai,Standard,1180,36,5G,3010,224.9,Debit Card,3,No,42480
CUST0982,Shalini Priya,55,Female,Madurai,Family,2560,60,Fiber,5480,539.7,Net Banking,1,No,153600
CUST0983,Naveen Raj,47,Male,Coimbatore,Basic,700,23,4G,1440,93.1,Cash,5,Yes,16100
CUST0984,Divya Devi,46,Female,Trichy,Premium,1700,39,5G,3800,292.8,Credit Card,2,No,66300
CUST0985,Sanjay Kumar,67,Male,Salem,Family,2630,60,Fiber,5910,586.5,UPI,0,No,157800
CUST0986,Rekha Priya,51,Female,Erode,Standard,1100,31,DSL,2450,198.4,Debit Card,4,No,34100
CUST0987,Sathish Raj,52,Male,Chennai,Premium,1890,48,Fiber,4270,351.2,Net Banking,2,No,90720
CUST0988,Kavitha Sharma,57,Female,Madurai,Basic,670,21,4G,1360,82.7,Cash,7,Yes,14070
CUST0989,Gopi Kumar,54,Male,Coimbatore,Family,2420,59,5G,5250,506.8,Credit Card,1,No,142780
CUST0990,Haritha Devi,43,Female,Trichy,Premium,1650,36,Fiber,3610,286.1,UPI,2,No,59400
CUST0991,Rajesh Kumar,58,Male,Chennai,Standard,1160,35,5G,2990,222.5,Debit Card,3,No,40600
CUST0992,Padmini Sharma,54,Female,Madurai,Family,2500,60,Fiber,5400,531.6,Net Banking,1,No,150000
CUST0993,Vignesh Raj,47,Male,Coimbatore,Basic,700,24,DSL,1450,94.6,Cash,5,Yes,16800
CUST0994,Shruthi Priya,44,Female,Trichy,Premium,1730,40,5G,3850,296.4,Credit Card,2,No,69200
CUST0995,Bharani Kumar,64,Male,Salem,Family,2600,60,Fiber,5820,578.3,UPI,0,No,156000
CUST0996,Nivetha Devi,49,Female,Erode,Standard,1090,30,4G,2660,197.1,Debit Card,3,No,32700
CUST0997,Praveen Kumar,51,Male,Chennai,Premium,1870,49,Fiber,4250,349.8,Net Banking,2,No,91630
CUST0998,Bhavani Sharma,56,Female,Madurai,Basic,650,20,DSL,1230,75.6,Cash,6,Yes,13000
CUST0999,Murugan Raj,54,Male,Coimbatore,Family,2410,60,5G,5210,503.5,Credit Card,1,No,144600
CUST1000,Anitha Priya,44,Female,Vellore,Premium,1660,36,Fiber,3630,287.4,UPI,2,No,59760
