Transaction_ID,Sale_Date,Product_Category,Product_Name,Quantity_Sold,Unit_Price,Total_Sales,Stock_Received,Stock_Remaining,Store_Location
T0001,13-01-2025,Dairy,Cheese,15,408.95,6134.25,141,126,Coimbatore
T0002,15-03-2025,Frozen Foods,Frozen Pizza,17,169.68,2884.56,368,351,Chennai
T0003,11-01-2025,Bakery,Muffin,3,449.11,1347.33,457,454,Chennai
T0004,15-09-2025,Personal Care,Shampoo,11,191.39,2105.29,121,110,Madurai
T0005,19-02-2025,Bakery,Cookies,6,459.55,2757.3,269,263,Madurai
T0006,29-12-2025,Snacks,Nuts,3,464.66,1393.98,288,285,Salem
T0007,11-07-2025,Personal Care,Toothpaste,19,183.12,3479.28,364,345,Coimbatore
T0008,11-05-2025,Personal Care,Shampoo,14,137.4,1923.6,174,160,Trichy
T0009,24-10-2025,Groceries,Wheat Flour,5,456.64,2283.2,93,88,Trichy
T0010,11-06-2025,Groceries,Rice,5,98.83,494.15,192,187,Chennai
T0011,21-08-2025,Bakery,Cookies,14,428.13,5993.82,156,142,Chennai
T0012,23-11-2025,Beverages,Tea,3,108.21,324.63,179,176,Coimbatore
T0013,02-05-2025,Personal Care,Lotion,11,332.88,3661.68,183,172,Salem
T0014,28-07-2025,Personal Care,Lotion,17,322.02,5474.34,468,451,Salem
T0015,25-09-2025,Dairy,Butter,20,50.1,1002,242,222,Coimbatore
T0016,29-08-2025,Frozen Foods,Frozen Fries,19,241.78,4593.82,274,255,Coimbatore
T0017,18-12-2025,Snacks,Biscuits,6,139.25,835.5,292,286,Trichy
T0018,01-01-2025,Personal Care,Lotion,11,130.64,1437.04,415,404,Coimbatore
T0019,26-10-2025,Bakery,Cake,4,95.39,381.56,246,242,Madurai
T0020,10-11-2025,Personal Care,Toothpaste,6,338.74,2032.44,198,192,Coimbatore
T0021,31-08-2025,Personal Care,Lotion,14,367.07,5138.98,233,219,Chennai
T0022,10-09-2025,Dairy,Cheese,15,259.79,3896.85,383,368,Chennai
T0023,13-04-2025,Dairy,Cheese,1,144.77,144.77,492,491,Chennai
T0024,19-07-2025,Groceries,Wheat Flour,4,346.93,1387.72,394,390,Madurai
T0025,18-09-2025,Dairy,Cheese,15,480.12,7201.8,304,289,Salem
T0026,25-09-2025,Beverages,Juice,19,263.1,4998.9,94,75,Chennai
T0027,10-08-2025,Bakery,Cake,3,128.62,385.86,488,485,Salem
T0028,18-06-2025,Frozen Foods,Ice Cream,18,452.26,8140.68,279,261,Salem
T0029,08-05-2025,Bakery,Cake,1,409.72,409.72,309,308,Madurai
T0030,28-02-2025,Frozen Foods,Ice Cream,10,371.12,3711.2,148,138,Chennai
T0031,23-09-2025,Bakery,Cake,10,232.61,2326.1,429,419,Chennai
T0032,07-01-2025,Bakery,Bread,7,440.59,3084.13,483,476,Chennai
T0033,25-05-2025,Frozen Foods,Frozen Pizza,14,247.55,3465.7,384,370,Chennai
T0034,02-06-2025,Snacks,Nuts,19,109.9,2088.1,488,469,Chennai
T0035,25-10-2025,Snacks,Biscuits,8,364.11,2912.88,327,319,Trichy
T0036,28-05-2025,Dairy,Yogurt,8,439.09,3512.72,79,71,Trichy
T0037,07-01-2025,Frozen Foods,Frozen Peas,10,395.42,3954.2,334,324,Coimbatore
T0038,15-06-2025,Groceries,Wheat Flour,19,354.5,6735.5,136,117,Salem
T0039,14-09-2025,Bakery,Bread,12,488.47,5861.64,120,108,Salem
T0040,01-03-2025,Bakery,Bread,4,245.46,981.84,357,353,Chennai
T0041,17-11-2025,Frozen Foods,Ice Cream,9,172.88,1555.92,108,99,Trichy
T0042,20-01-2025,Snacks,Nuts,5,73.67,368.35,175,170,Salem
T0043,06-02-2025,Beverages,Soft Drink,12,287.64,3451.68,348,336,Trichy
T0044,04-01-2025,Personal Care,Lotion,15,231.08,3466.2,347,332,Chennai
T0045,18-06-2025,Snacks,Nuts,19,394.9,7503.1,114,95,Trichy
T0046,08-11-2025,Groceries,Salt,6,120.84,725.04,385,379,Salem
T0047,05-05-2025,Frozen Foods,Ice Cream,16,165.13,2642.08,324,308,Chennai
T0048,08-05-2025,Personal Care,Shampoo,2,240.67,481.34,275,273,Madurai
T0049,07-10-2025,Dairy,Butter,12,51.68,620.16,56,44,Coimbatore
T0050,31-05-2025,Personal Care,Shampoo,4,468.8,1875.2,332,328,Trichy
T0051,13-02-2025,Snacks,Biscuits,12,475.76,5709.12,328,316,Madurai
T0052,22-09-2025,Personal Care,Shampoo,12,478.14,5737.68,329,317,Salem
T0053,20-11-2025,Dairy,Cheese,15,64.51,967.65,385,370,Chennai
T0054,19-02-2025,Groceries,Rice,6,309.36,1856.16,477,471,Coimbatore
T0055,08-01-2025,Beverages,Soft Drink,5,84.3,421.5,168,163,Trichy
T0056,26-04-2025,Bakery,Bread,2,241.55,483.1,488,486,Trichy
T0057,27-03-2025,Snacks,Biscuits,12,171.13,2053.56,235,223,Madurai
T0058,29-03-2025,Frozen Foods,Frozen Peas,9,465.78,4192.02,206,197,Madurai
T0059,20-12-2025,Beverages,Juice,6,209.11,1254.66,123,117,Coimbatore
T0060,15-12-2025,Frozen Foods,Frozen Pizza,3,330.82,992.46,185,182,Madurai
T0061,29-08-2025,Beverages,Juice,13,173.92,2260.96,150,137,Chennai
T0062,24-08-2025,Dairy,Butter,13,231.37,3007.81,217,204,Chennai
T0063,27-09-2025,Frozen Foods,Frozen Fries,15,241.83,3627.45,361,346,Trichy
T0064,10-04-2025,Snacks,Chips,5,361.36,1806.8,206,201,Coimbatore
T0065,01-07-2025,Dairy,Milk,9,392.88,3535.92,68,59,Trichy
T0066,13-05-2025,Dairy,Butter,3,366.48,1099.44,375,372,Salem
T0067,29-01-2025,Frozen Foods,Frozen Fries,15,152.52,2287.8,92,77,Trichy
T0068,09-01-2025,Dairy,Milk,3,475.63,1426.89,271,268,Chennai
T0069,06-06-2025,Personal Care,Toothpaste,1,447.75,447.75,481,480,Madurai
T0070,26-01-2025,Bakery,Cake,20,152.56,3051.2,318,298,Salem
T0071,25-07-2025,Beverages,Soft Drink,7,158.59,1110.13,437,430,Trichy
T0072,04-12-2025,Beverages,Soft Drink,3,287.57,862.71,303,300,Trichy
T0073,24-04-2025,Dairy,Cheese,19,221.54,4209.26,112,93,Chennai
T0074,02-08-2025,Personal Care,Soap,15,394.48,5917.2,144,129,Chennai
T0075,11-02-2025,Groceries,Rice,11,272.65,2999.15,115,104,Madurai
T0076,30-06-2025,Beverages,Juice,20,244.96,4899.2,464,444,Coimbatore
T0077,30-07-2025,Personal Care,Soap,6,392.24,2353.44,96,90,Trichy
T0078,20-01-2025,Beverages,Soft Drink,1,441.12,441.12,429,428,Chennai
T0079,08-11-2025,Personal Care,Lotion,5,37.72,188.6,81,76,Salem
T0080,20-10-2025,Beverages,Soft Drink,8,380.95,3047.6,330,322,Madurai
T0081,04-11-2025,Bakery,Cake,9,415.03,3735.27,156,147,Coimbatore
T0082,25-05-2025,Frozen Foods,Frozen Peas,7,498.51,3489.57,334,327,Trichy
T0083,18-08-2025,Snacks,Biscuits,4,234.88,939.52,423,419,Trichy
T0084,27-07-2025,Frozen Foods,Ice Cream,16,485.95,7775.2,438,422,Chennai
T0085,14-12-2025,Snacks,Biscuits,9,265.5,2389.5,230,221,Chennai
T0086,01-12-2025,Beverages,Coffee,15,204.61,3069.15,464,449,Madurai
T0087,22-08-2025,Beverages,Soft Drink,20,283.39,5667.8,336,316,Madurai
T0088,22-11-2025,Bakery,Bread,6,406.55,2439.3,147,141,Trichy
T0089,12-07-2025,Groceries,Rice,15,415.65,6234.75,237,222,Salem
T0090,19-03-2025,Beverages,Juice,2,374.11,748.22,486,484,Madurai
T0091,05-12-2025,Dairy,Yogurt,13,250.67,3258.71,179,166,Madurai
T0092,18-09-2025,Personal Care,Shampoo,18,131.43,2365.74,499,481,Trichy
T0093,15-09-2025,Bakery,Bread,18,123.25,2218.5,217,199,Madurai
T0094,28-02-2025,Personal Care,Lotion,18,358.51,6453.18,117,99,Chennai
T0095,14-08-2025,Frozen Foods,Frozen Fries,13,61.73,802.49,149,136,Coimbatore
T0096,08-09-2025,Snacks,Nuts,8,233.19,1865.52,318,310,Madurai
T0097,26-09-2025,Dairy,Milk,20,487.42,9748.4,334,314,Trichy
T0098,11-11-2025,Snacks,Biscuits,4,454.15,1816.6,321,317,Chennai
T0099,18-09-2025,Bakery,Muffin,5,78.5,392.5,384,379,Chennai
T0100,13-07-2025,Beverages,Juice,8,44.76,358.08,464,456,Madurai
T0101,30-04-2025,Bakery,Cookies,7,192.86,1350.02,58,51,Coimbatore
T0102,03-05-2025,Frozen Foods,Frozen Fries,9,211.55,1903.95,369,360,Coimbatore
T0103,04-05-2025,Personal Care,Lotion,16,248.64,3978.24,412,396,Madurai
T0104,13-11-2025,Groceries,Wheat Flour,12,351.83,4221.96,286,274,Trichy
T0105,19-03-2025,Frozen Foods,Frozen Peas,3,464.23,1392.69,487,484,Coimbatore
T0106,02-08-2025,Personal Care,Shampoo,10,42.25,422.5,311,301,Chennai
T0107,01-05-2025,Beverages,Tea,15,246.44,3696.6,330,315,Chennai
T0108,10-07-2025,Beverages,Soft Drink,10,193.9,1939,467,457,Salem
T0109,05-08-2025,Dairy,Cheese,20,179.28,3585.6,202,182,Madurai
T0110,14-06-2025,Personal Care,Toothpaste,16,348.83,5581.28,324,308,Madurai
T0111,10-05-2025,Beverages,Tea,13,70.32,914.16,145,132,Chennai
T0112,23-11-2025,Beverages,Tea,10,487.42,4874.2,238,228,Salem
T0113,23-06-2025,Beverages,Juice,19,404.37,7683.03,318,299,Salem
T0114,28-10-2025,Beverages,Tea,8,243.05,1944.4,149,141,Madurai
T0115,04-05-2025,Beverages,Coffee,5,233.74,1168.7,306,301,Coimbatore
T0116,14-10-2025,Personal Care,Lotion,14,199.14,2787.96,468,454,Coimbatore
T0117,30-11-2025,Personal Care,Toothpaste,11,148.77,1636.47,460,449,Trichy
T0118,03-11-2025,Snacks,Biscuits,18,286.66,5159.88,103,85,Madurai
T0119,22-09-2025,Frozen Foods,Ice Cream,3,348.02,1044.06,275,272,Trichy
T0120,09-08-2025,Snacks,Chips,11,98.64,1085.04,250,239,Chennai
T0121,22-07-2025,Beverages,Soft Drink,6,279.95,1679.7,281,275,Chennai
T0122,24-02-2025,Frozen Foods,Ice Cream,4,210.45,841.8,326,322,Madurai
T0123,08-12-2025,Beverages,Juice,10,381.23,3812.3,464,454,Salem
T0124,22-10-2025,Personal Care,Lotion,3,21.36,64.08,414,411,Chennai
T0125,17-10-2025,Dairy,Butter,5,29.82,149.1,82,77,Madurai
T0126,31-05-2025,Groceries,Sugar,10,257.72,2577.2,178,168,Trichy
T0127,30-01-2025,Groceries,Salt,19,485.53,9225.07,265,246,Coimbatore
T0128,26-05-2025,Bakery,Cake,9,398.6,3587.4,456,447,Chennai
T0129,04-12-2025,Bakery,Bread,16,34.63,554.08,433,417,Salem
T0130,25-07-2025,Snacks,Chips,9,220.29,1982.61,307,298,Trichy
T0131,29-12-2025,Groceries,Wheat Flour,8,96.18,769.44,248,240,Madurai
T0132,06-10-2025,Frozen Foods,Ice Cream,12,136.37,1636.44,493,481,Coimbatore
T0133,25-06-2025,Beverages,Soft Drink,4,36.62,146.48,258,254,Salem
T0134,28-04-2025,Bakery,Bread,5,395.29,1976.45,402,397,Madurai
T0135,26-09-2025,Bakery,Bread,10,54.92,549.2,289,279,Trichy
T0136,13-07-2025,Bakery,Muffin,6,74.29,445.74,71,65,Salem
T0137,08-01-2025,Snacks,Chocolate,6,195.22,1171.32,329,323,Chennai
T0138,06-06-2025,Dairy,Cheese,10,225.35,2253.5,277,267,Salem
T0139,21-05-2025,Dairy,Yogurt,1,88.26,88.26,385,384,Salem
T0140,31-07-2025,Snacks,Nuts,4,420.41,1681.64,459,455,Chennai
T0141,01-09-2025,Frozen Foods,Frozen Peas,20,474.58,9491.6,107,87,Salem
T0142,26-11-2025,Personal Care,Shampoo,13,402.9,5237.7,138,125,Madurai
T0143,24-09-2025,Bakery,Bread,15,396.81,5952.15,374,359,Trichy
T0144,16-11-2025,Dairy,Milk,1,445.39,445.39,376,375,Coimbatore
T0145,10-10-2025,Personal Care,Lotion,10,134.38,1343.8,499,489,Trichy
T0146,04-11-2025,Personal Care,Soap,20,89.66,1793.2,467,447,Coimbatore
T0147,27-06-2025,Personal Care,Lotion,1,430.13,430.13,60,59,Coimbatore
T0148,19-06-2025,Groceries,Sugar,4,132.36,529.44,471,467,Trichy
T0149,19-06-2025,Groceries,Salt,9,287.41,2586.69,438,429,Madurai
T0150,14-04-2025,Personal Care,Lotion,3,159.96,479.88,88,85,Chennai
T0151,27-02-2025,Beverages,Juice,7,496.22,3473.54,290,283,Chennai
T0152,07-01-2025,Dairy,Cheese,15,292.34,4385.1,69,54,Chennai
T0153,31-10-2025,Dairy,Butter,3,158.52,475.56,436,433,Madurai
T0154,15-03-2025,Bakery,Bread,7,21.29,149.03,338,331,Salem
T0155,16-08-2025,Bakery,Cake,13,460.31,5984.03,272,259,Trichy
T0156,30-09-2025,Groceries,Salt,18,275.08,4951.44,104,86,Chennai
T0157,15-09-2025,Personal Care,Lotion,18,165.64,2981.52,121,103,Madurai
T0158,19-08-2025,Dairy,Milk,8,256.78,2054.24,109,101,Madurai
T0159,06-06-2025,Beverages,Coffee,9,436.48,3928.32,65,56,Coimbatore
T0160,23-05-2025,Bakery,Cake,8,443.22,3545.76,396,388,Chennai
T0161,10-09-2025,Dairy,Butter,7,128.28,897.96,75,68,Coimbatore
T0162,31-12-2025,Beverages,Coffee,12,165.71,1988.52,183,171,Trichy
T0163,21-09-2025,Groceries,Salt,15,81.87,1228.05,170,155,Coimbatore
T0164,02-03-2025,Snacks,Biscuits,13,105.6,1372.8,176,163,Chennai
T0165,09-04-2025,Beverages,Soft Drink,15,274.08,4111.2,384,369,Salem
T0166,07-10-2025,Groceries,Rice,14,468.34,6556.76,122,108,Trichy
T0167,14-09-2025,Groceries,Rice,9,368.01,3312.09,123,114,Chennai
T0168,02-07-2025,Dairy,Milk,18,228.21,4107.78,285,267,Trichy
T0169,22-11-2025,Snacks,Nuts,3,339.98,1019.94,74,71,Coimbatore
T0170,03-11-2025,Frozen Foods,Frozen Peas,3,332.51,997.53,224,221,Coimbatore
T0171,23-10-2025,Groceries,Sugar,17,154.24,2622.08,444,427,Trichy
T0172,14-02-2025,Dairy,Butter,13,439.81,5717.53,305,292,Coimbatore
T0173,07-06-2025,Personal Care,Soap,16,425.67,6810.72,273,257,Coimbatore
T0174,01-01-2025,Snacks,Chips,10,490.33,4903.3,192,182,Coimbatore
T0175,12-02-2025,Beverages,Juice,13,243.47,3165.11,415,402,Trichy
T0176,21-10-2025,Bakery,Cake,13,94.39,1227.07,176,163,Madurai
T0177,13-02-2025,Beverages,Soft Drink,6,177.11,1062.66,69,63,Coimbatore
T0178,22-07-2025,Bakery,Cookies,19,242.25,4602.75,102,83,Trichy
T0179,20-08-2025,Groceries,Rice,12,300.06,3600.72,71,59,Trichy
T0180,01-05-2025,Groceries,Salt,7,280.24,1961.68,329,322,Madurai
T0181,09-10-2025,Personal Care,Lotion,13,334.29,4345.77,247,234,Salem
T0182,26-04-2025,Groceries,Wheat Flour,3,302.1,906.3,301,298,Chennai
T0183,15-12-2025,Personal Care,Shampoo,2,303.71,607.42,218,216,Trichy
T0184,29-08-2025,Beverages,Coffee,15,317.64,4764.6,160,145,Coimbatore
T0185,24-10-2025,Dairy,Milk,20,196.37,3927.4,327,307,Chennai
T0186,01-07-2025,Frozen Foods,Frozen Pizza,11,480.5,5285.5,265,254,Salem
T0187,11-10-2025,Dairy,Milk,8,385.58,3084.64,390,382,Madurai
T0188,25-09-2025,Bakery,Muffin,19,38.21,725.99,476,457,Madurai
T0189,06-11-2025,Bakery,Cookies,1,126.88,126.88,142,141,Madurai
T0190,14-02-2025,Bakery,Muffin,13,359.36,4671.68,479,466,Madurai
T0191,01-01-2026,Snacks,Chocolate,17,444.61,7558.37,167,150,Madurai
T0192,09-10-2025,Beverages,Soft Drink,10,427.19,4271.9,463,453,Madurai
T0193,15-01-2025,Snacks,Biscuits,10,132.96,1329.6,299,289,Madurai
T0194,25-11-2025,Personal Care,Lotion,20,164.27,3285.4,175,155,Coimbatore
T0195,16-11-2025,Groceries,Sugar,18,72.42,1303.56,322,304,Madurai
T0196,09-09-2025,Groceries,Sugar,13,196.51,2554.63,256,243,Madurai
T0197,21-06-2025,Dairy,Yogurt,14,356.9,4996.6,213,199,Trichy
T0198,01-07-2025,Bakery,Cake,2,307.59,615.18,121,119,Coimbatore
T0199,20-10-2025,Dairy,Cheese,19,20.69,393.11,122,103,Trichy
T0200,05-11-2025,Dairy,Butter,15,236.85,3552.75,133,118,Chennai
T0201,24-10-2025,Beverages,Soft Drink,5,337.95,1689.75,303,298,Coimbatore
T0202,17-12-2025,Groceries,Rice,6,211.73,1270.38,126,120,Coimbatore
T0203,09-02-2025,Dairy,Yogurt,18,412.37,7422.66,271,253,Coimbatore
T0204,06-03-2025,Personal Care,Lotion,16,70.05,1120.8,154,138,Trichy
T0205,21-02-2025,Personal Care,Shampoo,3,272.46,817.38,373,370,Trichy
T0206,08-02-2025,Groceries,Rice,20,71.86,1437.2,235,215,Madurai
T0207,15-11-2025,Beverages,Juice,1,289.51,289.51,105,104,Madurai
T0208,04-11-2025,Personal Care,Soap,2,269.25,538.5,361,359,Salem
T0209,29-10-2025,Beverages,Juice,17,290.72,4942.24,155,138,Trichy
T0210,10-09-2025,Dairy,Yogurt,1,495.64,495.64,457,456,Salem
T0211,29-08-2025,Beverages,Coffee,19,114.02,2166.38,201,182,Salem
T0212,25-12-2025,Snacks,Nuts,14,264.79,3707.06,403,389,Chennai
T0213,11-07-2025,Dairy,Milk,15,343.9,5158.5,110,95,Madurai
T0214,30-03-2025,Snacks,Chips,13,431.79,5613.27,66,53,Coimbatore
T0215,21-01-2025,Beverages,Tea,18,310.19,5583.42,196,178,Madurai
T0216,31-12-2025,Snacks,Biscuits,3,106.93,320.79,456,453,Chennai
T0217,03-08-2025,Snacks,Chocolate,4,150.9,603.6,377,373,Chennai
T0218,23-02-2025,Personal Care,Shampoo,20,486.4,9728,168,148,Coimbatore
T0219,23-10-2025,Frozen Foods,Frozen Pizza,13,371.76,4832.88,431,418,Trichy
T0220,29-11-2025,Dairy,Yogurt,15,152.71,2290.65,333,318,Coimbatore
T0221,03-07-2025,Frozen Foods,Ice Cream,3,263.68,791.04,354,351,Coimbatore
T0222,17-01-2025,Frozen Foods,Ice Cream,6,255.84,1535.04,325,319,Trichy
T0223,27-07-2025,Snacks,Biscuits,19,57.3,1088.7,244,225,Coimbatore
T0224,10-12-2025,Personal Care,Soap,18,205.06,3691.08,396,378,Coimbatore
T0225,31-08-2025,Personal Care,Lotion,20,389.91,7798.2,374,354,Salem
T0226,25-09-2025,Snacks,Biscuits,15,436.05,6540.75,186,171,Coimbatore
T0227,21-06-2025,Dairy,Cheese,14,222.15,3110.1,375,361,Madurai
T0228,24-04-2025,Bakery,Cake,7,417.85,2924.95,163,156,Trichy
T0229,28-08-2025,Frozen Foods,Ice Cream,15,91.23,1368.45,125,110,Coimbatore
T0230,22-04-2025,Snacks,Nuts,5,431.78,2158.9,148,143,Trichy
T0231,13-02-2025,Snacks,Nuts,1,80.41,80.41,114,113,Madurai
T0232,06-03-2025,Dairy,Cheese,12,245.81,2949.72,118,106,Madurai
T0233,19-02-2025,Dairy,Butter,3,66.66,199.98,216,213,Chennai
T0234,01-03-2025,Personal Care,Toothpaste,1,276.62,276.62,158,157,Chennai
T0235,12-06-2025,Bakery,Bread,20,225.49,4509.8,422,402,Trichy
T0236,27-04-2025,Beverages,Soft Drink,14,25.69,359.66,317,303,Chennai
T0237,29-01-2025,Groceries,Wheat Flour,11,62.34,685.74,480,469,Chennai
T0238,01-12-2025,Snacks,Chocolate,10,466.22,4662.2,332,322,Trichy
T0239,02-03-2025,Snacks,Chocolate,6,26.13,156.78,81,75,Madurai
T0240,17-10-2025,Groceries,Wheat Flour,8,97.32,778.56,443,435,Madurai
T0241,09-09-2025,Beverages,Soft Drink,2,253.52,507.04,224,222,Salem
T0242,13-04-2025,Snacks,Chips,4,256.89,1027.56,124,120,Trichy
T0243,17-11-2025,Personal Care,Soap,10,289.75,2897.5,317,307,Salem
T0244,16-02-2025,Beverages,Tea,8,486.42,3891.36,283,275,Madurai
T0245,07-11-2025,Personal Care,Soap,5,190.02,950.1,179,174,Coimbatore
T0246,02-12-2025,Groceries,Salt,20,175.91,3518.2,101,81,Salem
T0247,24-04-2025,Beverages,Soft Drink,17,376.24,6396.08,234,217,Chennai
T0248,18-12-2025,Personal Care,Toothpaste,20,382.05,7641,270,250,Coimbatore
T0249,19-10-2025,Snacks,Biscuits,8,428.84,3430.72,436,428,Madurai
T0250,31-12-2025,Beverages,Soft Drink,15,106.16,1592.4,263,248,Coimbatore
T0251,28-06-2025,Personal Care,Toothpaste,11,339.11,3730.21,419,408,Salem
T0252,27-04-2025,Beverages,Coffee,15,441.2,6618,248,233,Trichy
T0253,29-10-2025,Groceries,Sugar,10,299.85,2998.5,321,311,Salem
T0254,17-08-2025,Groceries,Rice,9,186.34,1677.06,278,269,Chennai
T0255,17-03-2025,Groceries,Wheat Flour,15,208.93,3133.95,407,392,Coimbatore
T0256,13-03-2025,Groceries,Salt,7,199.46,1396.22,400,393,Salem
T0257,08-09-2025,Groceries,Salt,14,301.74,4224.36,174,160,Chennai
T0258,01-01-2026,Bakery,Bread,13,499.02,6487.26,216,203,Salem
T0259,28-02-2025,Beverages,Juice,13,23,299,146,133,Salem
T0260,18-05-2025,Bakery,Cookies,20,172.75,3455,409,389,Coimbatore
T0261,23-12-2025,Snacks,Chocolate,13,263.76,3428.88,88,75,Madurai
T0262,31-07-2025,Dairy,Milk,1,414.95,414.95,377,376,Madurai
T0263,04-02-2025,Groceries,Wheat Flour,17,136.11,2313.87,285,268,Coimbatore
T0264,08-02-2025,Snacks,Biscuits,1,414.03,414.03,126,125,Coimbatore
T0265,27-09-2025,Snacks,Biscuits,2,57.93,115.86,161,159,Chennai
T0266,18-04-2025,Snacks,Chips,20,46.11,922.2,369,349,Chennai
T0267,15-03-2025,Bakery,Cake,7,391.98,2743.86,233,226,Chennai
T0268,10-11-2025,Personal Care,Shampoo,4,216.33,865.32,358,354,Chennai
T0269,08-02-2025,Dairy,Cheese,14,446.52,6251.28,426,412,Salem
T0270,21-09-2025,Snacks,Nuts,16,316.58,5065.28,338,322,Chennai
T0271,14-08-2025,Bakery,Cookies,1,86.56,86.56,472,471,Salem
T0272,14-05-2025,Snacks,Chips,20,79.7,1594,482,462,Chennai
T0273,01-01-2026,Groceries,Wheat Flour,20,106.85,2137,220,200,Trichy
T0274,27-11-2025,Dairy,Cheese,16,464.38,7430.08,322,306,Coimbatore
T0275,31-07-2025,Dairy,Yogurt,6,141.31,847.86,274,268,Trichy
T0276,29-08-2025,Snacks,Chocolate,6,377.15,2262.9,159,153,Madurai
T0277,07-05-2025,Bakery,Cake,11,188,2068,465,454,Coimbatore
T0278,25-04-2025,Groceries,Rice,19,273.52,5196.88,162,143,Salem
T0279,06-11-2025,Snacks,Chips,1,213.04,213.04,495,494,Coimbatore
T0280,07-05-2025,Snacks,Nuts,4,219.44,877.76,212,208,Coimbatore
T0281,14-10-2025,Snacks,Biscuits,6,477.92,2867.52,451,445,Trichy
T0282,10-01-2025,Snacks,Nuts,3,194.63,583.89,244,241,Chennai
T0283,21-07-2025,Bakery,Cake,11,115.26,1267.86,353,342,Coimbatore
T0284,22-02-2025,Personal Care,Soap,18,482.84,8691.12,234,216,Chennai
T0285,12-08-2025,Snacks,Chips,19,62.88,1194.72,358,339,Coimbatore
T0286,25-08-2025,Bakery,Cake,10,152.78,1527.8,230,220,Salem
T0287,14-11-2025,Dairy,Milk,19,192.19,3651.61,86,67,Coimbatore
T0288,09-07-2025,Personal Care,Toothpaste,11,71.35,784.85,120,109,Chennai
T0289,30-10-2025,Snacks,Chips,1,162.65,162.65,278,277,Coimbatore
T0290,13-11-2025,Frozen Foods,Frozen Pizza,15,254.1,3811.5,72,57,Coimbatore
T0291,09-12-2025,Frozen Foods,Frozen Pizza,6,169.71,1018.26,436,430,Salem
T0292,26-02-2025,Groceries,Sugar,15,277.39,4160.85,119,104,Madurai
T0293,01-01-2026,Snacks,Biscuits,12,338.34,4060.08,292,280,Salem
T0294,26-01-2025,Groceries,Sugar,9,499.27,4493.43,80,71,Chennai
T0295,01-05-2025,Bakery,Cake,1,253.72,253.72,462,461,Chennai
T0296,12-02-2025,Frozen Foods,Frozen Pizza,9,404.32,3638.88,192,183,Coimbatore
T0297,25-08-2025,Groceries,Sugar,12,398.22,4778.64,337,325,Madurai
T0298,24-01-2025,Bakery,Cake,4,398.41,1593.64,440,436,Coimbatore
T0299,08-03-2025,Snacks,Chocolate,14,300.61,4208.54,466,452,Trichy
T0300,05-03-2025,Dairy,Butter,15,62.71,940.65,58,43,Coimbatore
T0301,08-01-2025,Beverages,Juice,17,137.02,2329.34,378,361,Chennai
T0302,20-01-2025,Bakery,Cookies,2,494.59,989.18,190,188,Chennai
T0303,08-03-2025,Personal Care,Lotion,20,143.92,2878.4,497,477,Coimbatore
T0304,17-09-2025,Beverages,Soft Drink,15,476.44,7146.6,222,207,Madurai
T0305,06-09-2025,Personal Care,Toothpaste,1,326.22,326.22,174,173,Salem
T0306,17-11-2025,Snacks,Chips,12,173.08,2076.96,62,50,Trichy
T0307,23-09-2025,Groceries,Wheat Flour,3,165.63,496.89,132,129,Chennai
T0308,01-02-2025,Frozen Foods,Frozen Pizza,5,284.78,1423.9,483,478,Chennai
T0309,09-02-2025,Beverages,Juice,18,175.82,3164.76,114,96,Salem
T0310,02-02-2025,Personal Care,Lotion,15,104.67,1570.05,172,157,Trichy
T0311,08-05-2025,Bakery,Bread,12,388.09,4657.08,209,197,Trichy
T0312,30-09-2025,Beverages,Tea,5,210.08,1050.4,154,149,Coimbatore
T0313,23-03-2025,Groceries,Wheat Flour,6,334.81,2008.86,347,341,Salem
T0314,21-07-2025,Beverages,Soft Drink,11,302.46,3327.06,440,429,Madurai
T0315,18-11-2025,Groceries,Rice,2,312.42,624.84,493,491,Coimbatore
T0316,06-11-2025,Frozen Foods,Frozen Peas,5,46.85,234.25,317,312,Madurai
T0317,16-03-2025,Bakery,Muffin,6,197.45,1184.7,369,363,Chennai
T0318,07-01-2025,Frozen Foods,Frozen Fries,2,339.55,679.1,382,380,Salem
T0319,28-10-2025,Groceries,Sugar,13,352.28,4579.64,326,313,Chennai
T0320,08-09-2025,Frozen Foods,Frozen Peas,2,262.1,524.2,468,466,Chennai
T0321,19-02-2025,Beverages,Juice,9,119.62,1076.58,463,454,Trichy
T0322,26-05-2025,Dairy,Cheese,12,432.07,5184.84,66,54,Trichy
T0323,23-06-2025,Personal Care,Shampoo,13,59.27,770.51,425,412,Salem
T0324,06-11-2025,Frozen Foods,Frozen Pizza,6,450.71,2704.26,219,213,Trichy
T0325,01-12-2025,Groceries,Salt,12,380.32,4563.84,145,133,Madurai
T0326,13-03-2025,Bakery,Cake,18,247.1,4447.8,130,112,Chennai
T0327,05-10-2025,Dairy,Yogurt,7,185.1,1295.7,57,50,Trichy
T0328,14-11-2025,Frozen Foods,Frozen Fries,14,237.11,3319.54,462,448,Trichy
T0329,12-05-2025,Bakery,Muffin,12,67.76,813.12,258,246,Chennai
T0330,14-09-2025,Dairy,Cheese,20,148.91,2978.2,154,134,Coimbatore
T0331,20-10-2025,Bakery,Cake,16,170.95,2735.2,406,390,Coimbatore
T0332,05-12-2025,Groceries,Salt,15,138.28,2074.2,236,221,Salem
T0333,02-09-2025,Personal Care,Lotion,1,447.49,447.49,492,491,Madurai
T0334,04-08-2025,Snacks,Nuts,5,108.4,542,135,130,Madurai
T0335,23-07-2025,Groceries,Wheat Flour,12,179.63,2155.56,490,478,Salem
T0336,07-03-2025,Snacks,Chocolate,2,262.7,525.4,411,409,Salem
T0337,02-06-2025,Beverages,Juice,15,130.67,1960.05,371,356,Chennai
T0338,04-04-2025,Bakery,Muffin,1,240.64,240.64,61,60,Salem
T0339,18-12-2025,Frozen Foods,Ice Cream,15,348.81,5232.15,203,188,Madurai
T0340,03-11-2025,Bakery,Cookies,5,225.01,1125.05,210,205,Trichy
T0341,19-12-2025,Snacks,Chips,1,242.12,242.12,468,467,Salem
T0342,11-09-2025,Bakery,Cake,4,258.06,1032.24,287,283,Trichy
T0343,28-10-2025,Snacks,Biscuits,3,186.03,558.09,235,232,Madurai
T0344,29-05-2025,Beverages,Coffee,10,309.18,3091.8,173,163,Coimbatore
T0345,10-10-2025,Snacks,Chocolate,6,169.38,1016.28,410,404,Chennai
T0346,30-05-2025,Bakery,Bread,8,163.94,1311.52,405,397,Chennai
T0347,30-11-2025,Dairy,Milk,20,224.02,4480.4,308,288,Trichy
T0348,10-09-2025,Frozen Foods,Frozen Fries,11,425.05,4675.55,474,463,Madurai
T0349,01-02-2025,Personal Care,Soap,5,221.48,1107.4,492,487,Coimbatore
T0350,06-07-2025,Beverages,Tea,1,77.4,77.4,109,108,Madurai
T0351,04-04-2025,Frozen Foods,Frozen Fries,1,470.79,470.79,462,461,Chennai
T0352,16-05-2025,Dairy,Cheese,12,129.23,1550.76,217,205,Chennai
T0353,04-07-2025,Bakery,Muffin,14,230.79,3231.06,67,53,Coimbatore
T0354,14-11-2025,Bakery,Muffin,18,359.46,6470.28,60,42,Chennai
T0355,12-04-2025,Beverages,Coffee,9,20.23,182.07,212,203,Chennai
T0356,15-04-2025,Frozen Foods,Frozen Pizza,9,429.67,3867.03,387,378,Madurai
T0357,21-02-2025,Personal Care,Soap,6,80.12,480.72,342,336,Trichy
T0358,05-10-2025,Personal Care,Lotion,16,310.56,4968.96,134,118,Trichy
T0359,13-02-2025,Frozen Foods,Ice Cream,2,187.8,375.6,393,391,Coimbatore
T0360,21-06-2025,Beverages,Coffee,19,213.65,4059.35,316,297,Madurai
T0361,03-02-2025,Bakery,Muffin,5,411.6,2058,206,201,Trichy
T0362,07-04-2025,Snacks,Chips,17,230.94,3925.98,415,398,Chennai
T0363,23-12-2025,Dairy,Butter,7,212.82,1489.74,214,207,Trichy
T0364,06-12-2025,Groceries,Sugar,8,233.61,1868.88,213,205,Coimbatore
T0365,25-04-2025,Bakery,Muffin,9,284.23,2558.07,406,397,Coimbatore
T0366,25-04-2025,Bakery,Cake,9,203.44,1830.96,497,488,Trichy
T0367,25-01-2025,Personal Care,Lotion,18,492.65,8867.7,344,326,Salem
T0368,31-01-2025,Groceries,Wheat Flour,16,372.57,5961.12,68,52,Madurai
T0369,04-09-2025,Beverages,Tea,9,368.95,3320.55,178,169,Chennai
T0370,02-03-2025,Frozen Foods,Frozen Peas,14,127.99,1791.86,398,384,Madurai
T0371,18-11-2025,Snacks,Biscuits,13,380.07,4940.91,271,258,Trichy
T0372,28-12-2025,Dairy,Milk,17,147.38,2505.46,330,313,Chennai
T0373,16-08-2025,Frozen Foods,Frozen Pizza,1,230.07,230.07,397,396,Trichy
T0374,30-10-2025,Bakery,Muffin,17,498.25,8470.25,178,161,Madurai
T0375,30-01-2025,Bakery,Cookies,17,229.58,3902.86,320,303,Madurai
T0376,12-03-2025,Groceries,Salt,3,321.74,965.22,413,410,Chennai
T0377,10-10-2025,Personal Care,Toothpaste,8,469.81,3758.48,377,369,Salem
T0378,12-07-2025,Snacks,Biscuits,11,76.25,838.75,124,113,Coimbatore
T0379,29-03-2025,Frozen Foods,Frozen Fries,6,267.8,1606.8,455,449,Madurai
T0380,24-11-2025,Bakery,Cake,11,412.16,4533.76,413,402,Madurai
T0381,22-02-2025,Personal Care,Lotion,14,211.44,2960.16,121,107,Trichy
T0382,10-11-2025,Beverages,Juice,1,142.72,142.72,439,438,Trichy
T0383,13-07-2025,Beverages,Soft Drink,2,202.39,404.78,146,144,Trichy
T0384,28-07-2025,Personal Care,Shampoo,10,278.38,2783.8,353,343,Salem
T0385,19-02-2025,Personal Care,Shampoo,5,87.24,436.2,421,416,Madurai
T0386,17-03-2025,Dairy,Cheese,6,414.87,2489.22,292,286,Salem
T0387,02-04-2025,Groceries,Wheat Flour,6,380.77,2284.62,138,132,Trichy
T0388,09-01-2025,Snacks,Biscuits,16,479.38,7670.08,83,67,Madurai
T0389,27-06-2025,Frozen Foods,Frozen Pizza,2,28.47,56.94,305,303,Madurai
T0390,22-06-2025,Dairy,Milk,19,28.26,536.94,161,142,Trichy
T0391,24-08-2025,Snacks,Chips,7,129.2,904.4,58,51,Salem
T0392,12-11-2025,Frozen Foods,Frozen Pizza,11,336.64,3703.04,292,281,Madurai
T0393,03-01-2025,Snacks,Nuts,15,483.94,7259.1,188,173,Trichy
T0394,24-07-2025,Groceries,Sugar,14,209.85,2937.9,339,325,Salem
T0395,29-08-2025,Snacks,Biscuits,15,143.85,2157.75,379,364,Madurai
T0396,09-11-2025,Dairy,Butter,16,230.01,3680.16,165,149,Madurai
T0397,27-07-2025,Personal Care,Shampoo,19,122.03,2318.57,252,233,Coimbatore
T0398,25-08-2025,Snacks,Biscuits,9,70.21,631.89,472,463,Trichy
T0399,05-11-2025,Personal Care,Soap,13,487.13,6332.69,194,181,Madurai
T0400,22-09-2025,Frozen Foods,Frozen Fries,4,246.52,986.08,227,223,Chennai
T0401,08-08-2025,Beverages,Soft Drink,9,369.04,3321.36,484,475,Coimbatore
T0402,25-12-2025,Frozen Foods,Frozen Pizza,17,344.38,5854.46,311,294,Madurai
T0403,21-12-2025,Personal Care,Toothpaste,12,471.34,5656.08,483,471,Madurai
T0404,09-06-2025,Bakery,Cookies,3,393.97,1181.91,388,385,Trichy
T0405,01-02-2025,Groceries,Salt,15,42.64,639.6,67,52,Chennai
T0406,20-08-2025,Beverages,Tea,13,34.35,446.55,448,435,Coimbatore
T0407,20-03-2025,Snacks,Chips,18,137.25,2470.5,296,278,Trichy
T0408,05-07-2025,Frozen Foods,Frozen Peas,6,431.96,2591.76,56,50,Coimbatore
T0409,09-06-2025,Snacks,Nuts,9,469.89,4229.01,176,167,Madurai
T0410,02-09-2025,Beverages,Tea,20,341.7,6834,455,435,Salem
T0411,10-06-2025,Personal Care,Shampoo,10,339.58,3395.8,318,308,Salem
T0412,06-03-2025,Snacks,Chips,15,24,360,429,414,Coimbatore
T0413,06-04-2025,Snacks,Chocolate,12,383.88,4606.56,76,64,Coimbatore
T0414,20-08-2025,Groceries,Salt,4,327.03,1308.12,197,193,Salem
T0415,04-03-2025,Snacks,Chips,15,385.52,5782.8,390,375,Coimbatore
T0416,16-06-2025,Bakery,Cookies,12,311.32,3735.84,155,143,Salem
T0417,12-03-2025,Personal Care,Lotion,16,477.52,7640.32,278,262,Trichy
T0418,19-02-2025,Groceries,Sugar,6,118.07,708.42,134,128,Madurai
T0419,27-05-2025,Dairy,Cheese,9,316.6,2849.4,71,62,Trichy
T0420,11-12-2025,Bakery,Cake,12,101.42,1217.04,168,156,Trichy
T0421,02-07-2025,Personal Care,Soap,6,87.57,525.42,287,281,Coimbatore
T0422,13-10-2025,Bakery,Cake,7,140.25,981.75,394,387,Trichy
T0423,01-10-2025,Dairy,Cheese,2,101.63,203.26,474,472,Trichy
T0424,19-10-2025,Frozen Foods,Ice Cream,9,97.03,873.27,175,166,Trichy
T0425,15-07-2025,Beverages,Soft Drink,9,253.55,2281.95,367,358,Trichy
T0426,19-09-2025,Frozen Foods,Frozen Pizza,13,112.19,1458.47,381,368,Madurai
T0427,03-02-2025,Snacks,Biscuits,12,266.26,3195.12,446,434,Salem
T0428,18-09-2025,Groceries,Sugar,8,469.24,3753.92,176,168,Trichy
T0429,07-05-2025,Bakery,Muffin,5,209.6,1048,169,164,Salem
T0430,01-01-2025,Snacks,Biscuits,1,484.3,484.3,289,288,Coimbatore
T0431,23-07-2025,Beverages,Soft Drink,7,174.82,1223.74,278,271,Trichy
T0432,02-04-2025,Dairy,Butter,11,91.17,1002.87,360,349,Madurai
T0433,09-03-2025,Snacks,Chips,16,186.23,2979.68,323,307,Chennai
T0434,03-01-2025,Dairy,Cheese,2,108.19,216.38,351,349,Coimbatore
T0435,30-03-2025,Bakery,Bread,11,301.22,3313.42,171,160,Madurai
T0436,28-04-2025,Frozen Foods,Ice Cream,16,272.47,4359.52,217,201,Trichy
T0437,06-10-2025,Frozen Foods,Frozen Fries,9,259.41,2334.69,499,490,Salem
T0438,16-02-2025,Beverages,Tea,12,371.09,4453.08,118,106,Coimbatore
T0439,28-03-2025,Dairy,Milk,9,27.21,244.89,147,138,Salem
T0440,06-01-2025,Bakery,Bread,19,349.19,6634.61,116,97,Coimbatore
T0441,03-04-2025,Groceries,Sugar,12,144.39,1732.68,210,198,Salem
T0442,18-06-2025,Personal Care,Soap,9,170.03,1530.27,456,447,Trichy
T0443,28-07-2025,Groceries,Wheat Flour,19,243.41,4624.79,81,62,Salem
T0444,02-08-2025,Frozen Foods,Frozen Pizza,5,246.81,1234.05,285,280,Madurai
T0445,17-04-2025,Personal Care,Lotion,5,203.23,1016.15,494,489,Chennai
T0446,14-09-2025,Dairy,Cheese,13,73.08,950.04,485,472,Salem
T0447,16-02-2025,Groceries,Sugar,5,362.08,1810.4,484,479,Trichy
T0448,04-10-2025,Personal Care,Lotion,7,308.17,2157.19,259,252,Trichy
T0449,02-02-2025,Bakery,Cake,20,408.94,8178.8,429,409,Trichy
T0450,10-04-2025,Frozen Foods,Frozen Pizza,17,288.57,4905.69,59,42,Coimbatore
T0451,29-03-2025,Personal Care,Lotion,16,202.4,3238.4,346,330,Trichy
T0452,24-03-2025,Dairy,Yogurt,5,267.75,1338.75,435,430,Trichy
T0453,02-03-2025,Frozen Foods,Frozen Peas,2,35.19,70.38,317,315,Trichy
T0454,02-12-2025,Beverages,Soft Drink,18,171.6,3088.8,310,292,Salem
T0455,15-04-2025,Personal Care,Lotion,6,33.28,199.68,477,471,Salem
T0456,29-03-2025,Groceries,Wheat Flour,7,366.97,2568.79,149,142,Madurai
T0457,03-10-2025,Frozen Foods,Frozen Pizza,3,489.98,1469.94,70,67,Coimbatore
T0458,10-06-2025,Beverages,Juice,3,188.11,564.33,307,304,Salem
T0459,20-03-2025,Beverages,Soft Drink,7,401.63,2811.41,482,475,Chennai
T0460,18-01-2025,Beverages,Juice,13,62.48,812.24,350,337,Coimbatore
T0461,26-08-2025,Frozen Foods,Frozen Fries,8,41.25,330,120,112,Trichy
T0462,08-05-2025,Snacks,Chips,2,245.92,491.84,176,174,Madurai
T0463,20-10-2025,Snacks,Biscuits,19,213.99,4065.81,228,209,Madurai
T0464,11-06-2025,Frozen Foods,Frozen Fries,4,56.37,225.48,337,333,Coimbatore
T0465,15-08-2025,Beverages,Tea,1,348,348,317,316,Trichy
T0466,27-04-2025,Personal Care,Soap,9,249.6,2246.4,275,266,Chennai
T0467,24-10-2025,Beverages,Juice,15,466.09,6991.35,236,221,Trichy
T0468,24-01-2025,Bakery,Cake,11,197.69,2174.59,361,350,Salem
T0469,25-04-2025,Snacks,Chips,2,268.59,537.18,114,112,Chennai
T0470,14-10-2025,Personal Care,Lotion,13,496.96,6460.48,148,135,Salem
T0471,30-08-2025,Groceries,Wheat Flour,19,158.24,3006.56,479,460,Coimbatore
T0472,20-10-2025,Groceries,Rice,20,255.38,5107.6,470,450,Salem
T0473,05-12-2025,Frozen Foods,Frozen Pizza,6,118.98,713.88,142,136,Madurai
T0474,17-11-2025,Snacks,Nuts,10,325.44,3254.4,349,339,Coimbatore
T0475,24-11-2025,Bakery,Cake,14,71.56,1001.84,289,275,Madurai
T0476,08-07-2025,Frozen Foods,Ice Cream,5,485.05,2425.25,395,390,Salem
T0477,25-08-2025,Frozen Foods,Frozen Peas,1,202.05,202.05,497,496,Madurai
T0478,03-11-2025,Snacks,Nuts,4,225.4,901.6,338,334,Coimbatore
T0479,12-05-2025,Bakery,Cake,16,99.29,1588.64,480,464,Madurai
T0480,23-04-2025,Frozen Foods,Frozen Pizza,16,129.31,2068.96,166,150,Madurai
T0481,21-04-2025,Bakery,Muffin,7,173.93,1217.51,72,65,Salem
T0482,20-04-2025,Dairy,Cheese,20,466.72,9334.4,282,262,Trichy
T0483,15-09-2025,Dairy,Cheese,11,468.6,5154.6,485,474,Madurai
T0484,15-05-2025,Personal Care,Shampoo,2,483.18,966.36,391,389,Salem
T0485,09-05-2025,Groceries,Sugar,13,102.75,1335.75,412,399,Chennai
T0486,05-06-2025,Frozen Foods,Frozen Pizza,11,121.75,1339.25,495,484,Trichy
T0487,21-07-2025,Dairy,Yogurt,5,183.08,915.4,352,347,Madurai
T0488,23-10-2025,Groceries,Sugar,18,479.65,8633.7,228,210,Madurai
T0489,07-09-2025,Beverages,Soft Drink,1,61.45,61.45,79,78,Salem
T0490,04-11-2025,Frozen Foods,Frozen Peas,5,340.61,1703.05,236,231,Salem
T0491,16-10-2025,Bakery,Bread,16,412.11,6593.76,462,446,Chennai
T0492,08-12-2025,Beverages,Juice,18,82.31,1481.58,282,264,Coimbatore
T0493,03-07-2025,Snacks,Chocolate,8,148.05,1184.4,492,484,Coimbatore
T0494,28-01-2025,Dairy,Butter,11,357.55,3933.05,375,364,Chennai
T0495,23-06-2025,Bakery,Cookies,6,95.91,575.46,67,61,Salem
T0496,02-03-2025,Personal Care,Soap,2,209.44,418.88,317,315,Coimbatore
T0497,17-09-2025,Beverages,Coffee,8,66.59,532.72,331,323,Chennai
T0498,29-07-2025,Snacks,Chocolate,13,236.4,3073.2,143,130,Salem
T0499,09-11-2025,Frozen Foods,Frozen Pizza,13,78.52,1020.76,95,82,Chennai
T0500,23-01-2025,Personal Care,Shampoo,1,198.7,198.7,473,472,Coimbatore
T0501,04-04-2025,Frozen Foods,Frozen Peas,8,191.05,1528.4,235,227,Madurai
T0502,01-05-2025,Dairy,Butter,4,28.16,112.64,370,366,Trichy
T0503,25-09-2025,Frozen Foods,Ice Cream,20,242.83,4856.6,468,448,Salem
T0504,10-04-2025,Frozen Foods,Frozen Pizza,15,465.46,6981.9,250,235,Trichy
T0505,10-12-2025,Snacks,Biscuits,10,136.86,1368.6,285,275,Salem
T0506,22-12-2025,Bakery,Muffin,14,282.05,3948.7,197,183,Salem
T0507,16-12-2025,Beverages,Tea,5,190.6,953,262,257,Madurai
T0508,07-10-2025,Beverages,Coffee,19,300.38,5707.22,383,364,Coimbatore
T0509,05-01-2025,Snacks,Chocolate,5,315.12,1575.6,129,124,Trichy
T0510,20-08-2025,Groceries,Sugar,8,250.78,2006.24,401,393,Trichy
T0511,28-12-2025,Beverages,Soft Drink,6,229,1374,374,368,Madurai
T0512,18-05-2025,Frozen Foods,Frozen Pizza,9,190,1710,377,368,Trichy
T0513,16-09-2025,Groceries,Salt,5,402.91,2014.55,429,424,Trichy
T0514,02-04-2025,Dairy,Milk,7,22.09,154.63,110,103,Chennai
T0515,02-02-2025,Groceries,Sugar,2,74.82,149.64,95,93,Coimbatore
T0516,02-02-2025,Snacks,Chips,12,467.81,5613.72,181,169,Madurai
T0517,29-12-2025,Bakery,Cake,14,493.41,6907.74,335,321,Coimbatore
T0518,07-03-2025,Groceries,Sugar,11,374.91,4124.01,182,171,Salem
T0519,25-01-2025,Bakery,Muffin,11,440.42,4844.62,295,284,Trichy
T0520,28-12-2025,Beverages,Soft Drink,10,105.41,1054.1,436,426,Salem
T0521,28-07-2025,Groceries,Salt,17,471.54,8016.18,419,402,Madurai
T0522,05-07-2025,Groceries,Salt,4,338.56,1354.24,452,448,Salem
T0523,06-02-2025,Personal Care,Lotion,16,352.81,5644.96,394,378,Chennai
T0524,19-11-2025,Personal Care,Shampoo,6,459.66,2757.96,477,471,Chennai
T0525,08-11-2025,Groceries,Rice,1,212.64,212.64,437,436,Coimbatore
T0526,18-11-2025,Groceries,Wheat Flour,17,94.76,1610.92,95,78,Salem
T0527,03-12-2025,Dairy,Yogurt,11,162.86,1791.46,135,124,Coimbatore
T0528,21-03-2025,Groceries,Sugar,7,274.59,1922.13,322,315,Madurai
T0529,29-09-2025,Dairy,Cheese,7,362.69,2538.83,210,203,Coimbatore
T0530,26-11-2025,Dairy,Butter,2,263.74,527.48,270,268,Chennai
T0531,13-11-2025,Beverages,Juice,11,150.06,1650.66,419,408,Chennai
T0532,28-05-2025,Groceries,Sugar,13,220.81,2870.53,459,446,Chennai
T0533,21-05-2025,Bakery,Cake,17,380.35,6465.95,210,193,Trichy
T0534,01-08-2025,Snacks,Chocolate,14,40.24,563.36,208,194,Trichy
T0535,24-01-2025,Dairy,Butter,5,232.88,1164.4,443,438,Madurai
T0536,21-06-2025,Bakery,Cookies,4,77.78,311.12,172,168,Chennai
T0537,06-12-2025,Personal Care,Shampoo,4,393.31,1573.24,433,429,Salem
T0538,09-04-2025,Beverages,Tea,2,344.61,689.22,475,473,Salem
T0539,15-02-2025,Frozen Foods,Frozen Pizza,3,307.88,923.64,240,237,Coimbatore
T0540,04-06-2025,Dairy,Milk,12,399.64,4795.68,267,255,Coimbatore
T0541,18-10-2025,Groceries,Rice,20,146.87,2937.4,351,331,Salem
T0542,15-12-2025,Snacks,Chocolate,9,194.82,1753.38,322,313,Chennai
T0543,15-01-2025,Beverages,Soft Drink,19,491.26,9333.94,336,317,Trichy
T0544,19-06-2025,Beverages,Soft Drink,13,270.83,3520.79,150,137,Chennai
T0545,25-02-2025,Dairy,Butter,18,317.62,5717.16,76,58,Coimbatore
T0546,18-10-2025,Dairy,Yogurt,12,139.68,1676.16,342,330,Chennai
T0547,25-12-2025,Bakery,Cookies,12,274.63,3295.56,113,101,Chennai
T0548,01-01-2025,Personal Care,Soap,6,241.61,1449.66,122,116,Chennai
T0549,22-10-2025,Snacks,Nuts,6,262.79,1576.74,160,154,Coimbatore
T0550,15-05-2025,Frozen Foods,Frozen Fries,1,118.14,118.14,382,381,Madurai
T0551,12-09-2025,Groceries,Salt,14,364.21,5098.94,347,333,Trichy
T0552,02-01-2025,Groceries,Sugar,16,339.61,5433.76,323,307,Chennai
T0553,07-12-2025,Groceries,Salt,10,491.84,4918.4,96,86,Madurai
T0554,09-10-2025,Dairy,Milk,18,422.44,7603.92,457,439,Chennai
T0555,03-02-2025,Bakery,Cookies,7,309.88,2169.16,331,324,Madurai
T0556,12-09-2025,Beverages,Tea,17,229.82,3906.94,221,204,Madurai
T0557,06-02-2025,Frozen Foods,Frozen Pizza,12,136.88,1642.56,103,91,Chennai
T0558,09-02-2025,Dairy,Cheese,10,267.28,2672.8,50,40,Coimbatore
T0559,05-04-2025,Frozen Foods,Frozen Pizza,20,263.16,5263.2,55,35,Salem
T0560,13-03-2025,Personal Care,Toothpaste,7,34.79,243.53,448,441,Coimbatore
T0561,30-10-2025,Bakery,Cake,7,197.75,1384.25,90,83,Salem
T0562,26-03-2025,Groceries,Salt,15,440.11,6601.65,236,221,Coimbatore
T0563,03-07-2025,Personal Care,Toothpaste,20,481.31,9626.2,75,55,Salem
T0564,17-04-2025,Bakery,Muffin,2,36.16,72.32,339,337,Salem
T0565,21-07-2025,Dairy,Butter,20,378.96,7579.2,432,412,Trichy
T0566,15-06-2025,Personal Care,Shampoo,10,484.28,4842.8,224,214,Madurai
T0567,18-05-2025,Beverages,Soft Drink,5,492.81,2464.05,440,435,Salem
T0568,13-03-2025,Snacks,Chips,5,462.01,2310.05,278,273,Chennai
T0569,12-10-2025,Groceries,Wheat Flour,12,395.47,4745.64,56,44,Trichy
T0570,22-01-2025,Beverages,Tea,11,49.62,545.82,427,416,Madurai
T0571,16-09-2025,Bakery,Cake,13,115.15,1496.95,282,269,Coimbatore
T0572,17-01-2025,Groceries,Wheat Flour,12,397.34,4768.08,426,414,Salem
T0573,31-07-2025,Frozen Foods,Ice Cream,9,467.79,4210.11,132,123,Salem
T0574,02-11-2025,Beverages,Coffee,6,386.88,2321.28,279,273,Trichy
T0575,08-07-2025,Snacks,Chips,4,197.19,788.76,187,183,Trichy
T0576,18-01-2025,Bakery,Cookies,14,470.81,6591.34,89,75,Salem
T0577,26-05-2025,Personal Care,Lotion,15,101.81,1527.15,78,63,Salem
T0578,11-08-2025,Bakery,Cookies,1,263.22,263.22,308,307,Trichy
T0579,31-05-2025,Dairy,Yogurt,3,259.98,779.94,243,240,Coimbatore
T0580,11-10-2025,Personal Care,Soap,3,191.07,573.21,492,489,Chennai
T0581,29-07-2025,Beverages,Tea,17,94.06,1599.02,368,351,Coimbatore
T0582,04-11-2025,Groceries,Sugar,13,119.37,1551.81,243,230,Chennai
T0583,18-05-2025,Personal Care,Toothpaste,19,195.58,3716.02,55,36,Chennai
T0584,29-08-2025,Bakery,Cookies,6,298.22,1789.32,136,130,Trichy
T0585,20-11-2025,Beverages,Coffee,19,311.78,5923.82,205,186,Salem
T0586,13-10-2025,Groceries,Rice,3,50.76,152.28,252,249,Salem
T0587,16-12-2025,Dairy,Butter,19,264.39,5023.41,207,188,Chennai
T0588,24-06-2025,Snacks,Chocolate,18,245.74,4423.32,463,445,Coimbatore
T0589,14-01-2025,Personal Care,Soap,18,283.8,5108.4,292,274,Trichy
T0590,09-03-2025,Bakery,Muffin,12,291.55,3498.6,98,86,Salem
T0591,14-02-2025,Dairy,Cheese,1,127.11,127.11,405,404,Coimbatore
T0592,13-09-2025,Dairy,Yogurt,4,55.1,220.4,365,361,Coimbatore
T0593,14-12-2025,Snacks,Nuts,17,218.27,3710.59,462,445,Chennai
T0594,14-03-2025,Snacks,Nuts,7,245.31,1717.17,194,187,Madurai
T0595,11-07-2025,Personal Care,Soap,19,485.11,9217.09,259,240,Chennai
T0596,26-03-2025,Bakery,Muffin,3,107.32,321.96,98,95,Madurai
T0597,28-09-2025,Snacks,Nuts,3,257.33,771.99,303,300,Salem
T0598,12-11-2025,Frozen Foods,Frozen Pizza,10,205.03,2050.3,75,65,Madurai
T0599,15-01-2025,Bakery,Bread,11,140.83,1549.13,486,475,Salem
T0600,26-05-2025,Beverages,Soft Drink,10,315.24,3152.4,134,124,Salem
T0601,25-03-2025,Dairy,Cheese,18,398.43,7171.74,157,139,Salem
T0602,16-01-2025,Personal Care,Lotion,16,426.32,6821.12,256,240,Salem
T0603,19-10-2025,Frozen Foods,Frozen Pizza,1,433.71,433.71,80,79,Trichy
T0604,11-07-2025,Snacks,Chocolate,7,448.63,3140.41,453,446,Chennai
T0605,16-02-2025,Frozen Foods,Frozen Peas,14,491.32,6878.48,465,451,Madurai
T0606,15-03-2025,Dairy,Milk,10,286.25,2862.5,102,92,Coimbatore
T0607,09-10-2025,Beverages,Coffee,9,442.01,3978.09,170,161,Trichy
T0608,08-10-2025,Beverages,Juice,1,117.24,117.24,99,98,Salem
T0609,14-11-2025,Personal Care,Shampoo,13,156.29,2031.77,52,39,Trichy
T0610,13-09-2025,Bakery,Cake,18,45.62,821.16,183,165,Trichy
T0611,16-01-2025,Snacks,Chips,19,334.52,6355.88,472,453,Trichy
T0612,20-11-2025,Frozen Foods,Ice Cream,7,365.08,2555.56,361,354,Chennai
T0613,15-12-2025,Snacks,Nuts,1,321.47,321.47,380,379,Chennai
T0614,08-08-2025,Beverages,Tea,8,25.97,207.76,321,313,Coimbatore
T0615,04-03-2025,Beverages,Coffee,17,193.81,3294.77,75,58,Madurai
T0616,08-09-2025,Bakery,Muffin,9,33.29,299.61,181,172,Salem
T0617,10-03-2025,Beverages,Juice,1,378.49,378.49,106,105,Chennai
T0618,06-11-2025,Snacks,Biscuits,11,353.49,3888.39,120,109,Trichy
T0619,03-03-2025,Snacks,Chocolate,8,143.09,1144.72,378,370,Madurai
T0620,18-08-2025,Personal Care,Shampoo,13,441.34,5737.42,426,413,Madurai
T0621,26-09-2025,Personal Care,Shampoo,11,452.92,4982.12,491,480,Madurai
T0622,14-02-2025,Bakery,Bread,19,93.34,1773.46,141,122,Salem
T0623,05-06-2025,Dairy,Milk,5,98.69,493.45,324,319,Madurai
T0624,31-05-2025,Bakery,Bread,20,287.5,5750,492,472,Chennai
T0625,18-06-2025,Bakery,Bread,6,33.44,200.64,403,397,Chennai
T0626,04-05-2025,Beverages,Coffee,2,103.73,207.46,261,259,Chennai
T0627,11-07-2025,Dairy,Cheese,16,194.24,3107.84,249,233,Salem
T0628,01-11-2025,Bakery,Bread,10,376.65,3766.5,73,63,Trichy
T0629,12-08-2025,Snacks,Chips,20,435.03,8700.6,139,119,Chennai
T0630,23-02-2025,Dairy,Yogurt,11,143.2,1575.2,113,102,Chennai
T0631,06-08-2025,Groceries,Wheat Flour,12,349.95,4199.4,366,354,Coimbatore
T0632,02-05-2025,Snacks,Nuts,3,350.89,1052.67,300,297,Madurai
T0633,18-11-2025,Bakery,Cookies,12,461.35,5536.2,92,80,Salem
T0634,28-07-2025,Dairy,Cheese,5,283.6,1418,313,308,Salem
T0635,15-10-2025,Frozen Foods,Frozen Pizza,9,155.34,1398.06,464,455,Madurai
T0636,02-12-2025,Frozen Foods,Frozen Fries,6,94.95,569.7,342,336,Chennai
T0637,17-02-2025,Groceries,Sugar,4,224.9,899.6,248,244,Coimbatore
T0638,07-02-2025,Bakery,Muffin,9,438.43,3945.87,186,177,Madurai
T0639,09-01-2025,Frozen Foods,Frozen Fries,14,127.89,1790.46,211,197,Chennai
T0640,18-06-2025,Groceries,Wheat Flour,3,455.76,1367.28,125,122,Chennai
T0641,14-09-2025,Bakery,Bread,4,32.42,129.68,438,434,Salem
T0642,23-03-2025,Snacks,Biscuits,20,361.15,7223,488,468,Coimbatore
T0643,08-03-2025,Snacks,Biscuits,6,42.45,254.7,379,373,Madurai
T0644,02-05-2025,Groceries,Salt,1,408.25,408.25,185,184,Madurai
T0645,01-01-2025,Bakery,Cookies,4,479.6,1918.4,78,74,Trichy
T0646,17-07-2025,Dairy,Yogurt,18,253.62,4565.16,202,184,Trichy
T0647,21-02-2025,Frozen Foods,Frozen Pizza,18,260.04,4680.72,355,337,Chennai
T0648,06-02-2025,Beverages,Tea,12,200.16,2401.92,467,455,Salem
T0649,27-06-2025,Snacks,Biscuits,1,47.79,47.79,203,202,Coimbatore
T0650,12-08-2025,Dairy,Butter,18,63.64,1145.52,496,478,Salem
T0651,30-01-2025,Groceries,Sugar,5,154.04,770.2,168,163,Coimbatore
T0652,07-10-2025,Groceries,Sugar,16,111.32,1781.12,52,36,Coimbatore
T0653,21-01-2025,Personal Care,Lotion,17,258.93,4401.81,300,283,Salem
T0654,30-11-2025,Groceries,Wheat Flour,18,410.89,7396.02,360,342,Salem
T0655,06-05-2025,Dairy,Yogurt,4,303.04,1212.16,302,298,Chennai
T0656,22-07-2025,Groceries,Wheat Flour,16,153.78,2460.48,81,65,Salem
T0657,25-10-2025,Bakery,Cookies,6,314.11,1884.66,85,79,Trichy
T0658,06-07-2025,Snacks,Nuts,12,461.69,5540.28,118,106,Coimbatore
T0659,22-03-2025,Groceries,Wheat Flour,13,177.24,2304.12,361,348,Coimbatore
T0660,04-06-2025,Snacks,Chips,18,378.69,6816.42,186,168,Chennai
T0661,17-02-2025,Frozen Foods,Frozen Fries,16,497.21,7955.36,434,418,Madurai
T0662,02-12-2025,Bakery,Cookies,9,297.23,2675.07,227,218,Salem
T0663,09-05-2025,Personal Care,Shampoo,20,85.58,1711.6,170,150,Coimbatore
T0664,28-04-2025,Snacks,Nuts,1,246.68,246.68,106,105,Trichy
T0665,01-05-2025,Personal Care,Toothpaste,12,105.1,1261.2,341,329,Coimbatore
T0666,12-02-2025,Frozen Foods,Ice Cream,6,354.29,2125.74,122,116,Salem
T0667,29-06-2025,Bakery,Bread,7,496,3472,231,224,Madurai
T0668,31-01-2025,Dairy,Milk,13,42.49,552.37,214,201,Madurai
T0669,05-02-2025,Bakery,Cookies,14,450.29,6304.06,316,302,Chennai
T0670,24-11-2025,Frozen Foods,Frozen Fries,15,259.03,3885.45,63,48,Coimbatore
T0671,28-08-2025,Dairy,Cheese,5,106.24,531.2,144,139,Salem
T0672,24-01-2025,Groceries,Sugar,14,488.31,6836.34,156,142,Salem
T0673,06-03-2025,Dairy,Butter,18,218.36,3930.48,298,280,Chennai
T0674,03-04-2025,Personal Care,Soap,2,333.51,667.02,398,396,Madurai
T0675,15-04-2025,Frozen Foods,Frozen Peas,6,153.19,919.14,111,105,Trichy
T0676,31-01-2025,Personal Care,Lotion,14,416.91,5836.74,494,480,Madurai
T0677,17-11-2025,Snacks,Nuts,2,177.9,355.8,468,466,Trichy
T0678,15-07-2025,Beverages,Soft Drink,11,199.74,2197.14,358,347,Madurai
T0679,27-03-2025,Snacks,Biscuits,16,90.87,1453.92,377,361,Trichy
T0680,22-11-2025,Frozen Foods,Frozen Peas,6,465.65,2793.9,407,401,Madurai
T0681,11-10-2025,Snacks,Biscuits,19,83.19,1580.61,469,450,Coimbatore
T0682,16-11-2025,Dairy,Cheese,15,120.74,1811.1,487,472,Madurai
T0683,16-06-2025,Dairy,Butter,3,398.71,1196.13,448,445,Salem
T0684,24-09-2025,Snacks,Biscuits,17,356.25,6056.25,199,182,Chennai
T0685,19-12-2025,Bakery,Muffin,19,354.98,6744.62,430,411,Chennai
T0686,17-03-2025,Bakery,Cake,16,167.59,2681.44,62,46,Trichy
T0687,21-06-2025,Groceries,Wheat Flour,19,247.72,4706.68,448,429,Salem
T0688,11-04-2025,Personal Care,Shampoo,11,234.87,2583.57,255,244,Coimbatore
T0689,26-04-2025,Groceries,Salt,1,138.82,138.82,366,365,Madurai
T0690,24-03-2025,Snacks,Chocolate,4,394,1576,288,284,Coimbatore
T0691,18-04-2025,Beverages,Tea,12,439.03,5268.36,346,334,Coimbatore
T0692,05-06-2025,Beverages,Soft Drink,16,428.86,6861.76,200,184,Chennai
T0693,06-04-2025,Dairy,Milk,16,376.6,6025.6,140,124,Coimbatore
T0694,05-04-2025,Snacks,Biscuits,19,82.79,1573.01,484,465,Salem
T0695,12-04-2025,Bakery,Muffin,7,172.3,1206.1,317,310,Madurai
T0696,13-11-2025,Personal Care,Shampoo,16,114.91,1838.56,185,169,Madurai
T0697,08-12-2025,Snacks,Nuts,2,272.61,545.22,94,92,Trichy
T0698,11-06-2025,Snacks,Biscuits,7,278.53,1949.71,191,184,Coimbatore
T0699,18-01-2025,Groceries,Rice,7,311.49,2180.43,322,315,Salem
T0700,06-04-2025,Beverages,Soft Drink,20,105.9,2118,237,217,Chennai
T0701,27-07-2025,Beverages,Coffee,12,82.68,992.16,494,482,Madurai
T0702,03-07-2025,Beverages,Juice,4,379.69,1518.76,74,70,Salem
T0703,28-10-2025,Groceries,Rice,20,309.84,6196.8,435,415,Coimbatore
T0704,15-02-2025,Snacks,Chips,4,445.86,1783.44,259,255,Salem
T0705,06-08-2025,Beverages,Juice,12,486.85,5842.2,494,482,Coimbatore
T0706,21-04-2025,Personal Care,Soap,19,257.41,4890.79,495,476,Salem
T0707,03-05-2025,Snacks,Chips,13,362.68,4714.84,319,306,Madurai
T0708,03-09-2025,Groceries,Sugar,8,242.97,1943.76,167,159,Coimbatore
T0709,18-07-2025,Beverages,Tea,4,151.12,604.48,330,326,Madurai
T0710,29-08-2025,Dairy,Cheese,19,351.29,6674.51,96,77,Salem
T0711,23-11-2025,Personal Care,Lotion,13,20.04,260.52,190,177,Madurai
T0712,07-02-2025,Personal Care,Lotion,12,194.52,2334.24,396,384,Madurai
T0713,04-01-2025,Dairy,Milk,11,442.53,4867.83,148,137,Chennai
T0714,10-07-2025,Snacks,Chips,7,259.14,1813.98,338,331,Chennai
T0715,14-01-2025,Dairy,Milk,4,33.43,133.72,485,481,Trichy
T0716,25-07-2025,Dairy,Butter,13,29.87,388.31,294,281,Madurai
T0717,15-06-2025,Bakery,Bread,9,233.77,2103.93,228,219,Salem
T0718,30-11-2025,Snacks,Chocolate,2,188.17,376.34,385,383,Madurai
T0719,15-01-2025,Groceries,Wheat Flour,18,439.97,7919.46,220,202,Coimbatore
T0720,28-01-2025,Beverages,Soft Drink,12,140.11,1681.32,401,389,Trichy
T0721,08-07-2025,Snacks,Biscuits,18,289.49,5210.82,351,333,Chennai
T0722,11-05-2025,Personal Care,Soap,13,296.81,3858.53,374,361,Chennai
T0723,21-12-2025,Bakery,Muffin,2,102.17,204.34,359,357,Salem
T0724,30-05-2025,Personal Care,Lotion,5,51.52,257.6,466,461,Chennai
T0725,12-03-2025,Personal Care,Shampoo,16,350.18,5602.88,377,361,Coimbatore
T0726,29-09-2025,Dairy,Butter,20,24.6,492,440,420,Chennai
T0727,15-01-2025,Groceries,Wheat Flour,1,205.64,205.64,479,478,Coimbatore
T0728,16-02-2025,Dairy,Milk,18,485.97,8747.46,438,420,Trichy
T0729,13-04-2025,Snacks,Chips,8,465.34,3722.72,272,264,Trichy
T0730,23-09-2025,Snacks,Chocolate,19,167.91,3190.29,181,162,Chennai
T0731,19-03-2025,Snacks,Chocolate,8,225.18,1801.44,331,323,Madurai
T0732,19-07-2025,Snacks,Chips,15,484.53,7267.95,318,303,Chennai
T0733,31-10-2025,Dairy,Butter,16,383.84,6141.44,400,384,Coimbatore
T0734,02-11-2025,Bakery,Muffin,7,177.82,1244.74,271,264,Salem
T0735,09-04-2025,Groceries,Rice,8,372.3,2978.4,59,51,Trichy
T0736,27-12-2025,Dairy,Milk,10,52.35,523.5,409,399,Madurai
T0737,31-07-2025,Snacks,Biscuits,5,85.43,427.15,194,189,Chennai
T0738,01-04-2025,Frozen Foods,Ice Cream,13,449.11,5838.43,433,420,Chennai
T0739,25-07-2025,Groceries,Salt,14,200.46,2806.44,95,81,Salem
T0740,11-07-2025,Dairy,Butter,2,415.13,830.26,459,457,Trichy
T0741,27-07-2025,Groceries,Sugar,4,62.95,251.8,198,194,Madurai
T0742,08-06-2025,Frozen Foods,Frozen Fries,1,73.55,73.55,90,89,Salem
T0743,29-07-2025,Frozen Foods,Frozen Peas,19,242.36,4604.84,326,307,Trichy
T0744,11-06-2025,Groceries,Sugar,5,384.95,1924.75,403,398,Madurai
T0745,05-08-2025,Snacks,Chips,19,350.51,6659.69,121,102,Chennai
T0746,12-01-2025,Snacks,Biscuits,4,484.71,1938.84,394,390,Salem
T0747,07-06-2025,Personal Care,Toothpaste,12,347.61,4171.32,111,99,Madurai
T0748,12-02-2025,Bakery,Muffin,13,231.56,3010.28,134,121,Salem
T0749,13-09-2025,Bakery,Cookies,1,211.7,211.7,161,160,Salem
T0750,04-03-2025,Frozen Foods,Frozen Fries,13,50.48,656.24,289,276,Salem
T0751,20-03-2025,Personal Care,Shampoo,17,358.82,6099.94,499,482,Salem
T0752,26-12-2025,Groceries,Salt,11,421.63,4637.93,66,55,Chennai
T0753,19-03-2025,Snacks,Chocolate,15,242.79,3641.85,180,165,Trichy
T0754,05-06-2025,Personal Care,Shampoo,18,131.34,2364.12,322,304,Trichy
T0755,08-12-2025,Beverages,Coffee,5,278.3,1391.5,340,335,Coimbatore
T0756,08-06-2025,Beverages,Juice,9,313.07,2817.63,68,59,Chennai
T0757,02-10-2025,Snacks,Chocolate,9,217.96,1961.64,285,276,Chennai
T0758,13-12-2025,Groceries,Rice,7,172.09,1204.63,294,287,Salem
T0759,26-12-2025,Groceries,Wheat Flour,3,137.02,411.06,153,150,Madurai
T0760,31-07-2025,Dairy,Cheese,18,106.31,1913.58,432,414,Madurai
T0761,25-10-2025,Bakery,Bread,6,375.39,2252.34,79,73,Madurai
T0762,12-07-2025,Groceries,Sugar,2,202.75,405.5,285,283,Chennai
T0763,01-06-2025,Snacks,Biscuits,2,46.2,92.4,227,225,Chennai
T0764,20-09-2025,Personal Care,Soap,2,425.96,851.92,293,291,Salem
T0765,20-12-2025,Snacks,Biscuits,8,154.15,1233.2,196,188,Madurai
T0766,21-11-2025,Groceries,Wheat Flour,20,41.14,822.8,346,326,Chennai
T0767,08-04-2025,Snacks,Chips,11,78.37,862.07,260,249,Coimbatore
T0768,09-12-2025,Bakery,Muffin,20,360.6,7212,142,122,Coimbatore
T0769,11-12-2025,Snacks,Nuts,18,334.65,6023.7,302,284,Chennai
T0770,09-09-2025,Bakery,Cookies,12,205.57,2466.84,280,268,Salem
T0771,23-11-2025,Bakery,Muffin,16,82.72,1323.52,155,139,Chennai
T0772,24-09-2025,Snacks,Chocolate,14,453.48,6348.72,144,130,Coimbatore
T0773,19-07-2025,Snacks,Chocolate,14,223.9,3134.6,287,273,Coimbatore
T0774,31-12-2025,Bakery,Cookies,12,179.09,2149.08,111,99,Madurai
T0775,23-10-2025,Personal Care,Lotion,1,149.38,149.38,296,295,Coimbatore
T0776,28-03-2025,Beverages,Soft Drink,10,175.68,1756.8,332,322,Chennai
T0777,25-12-2025,Bakery,Cake,14,163.04,2282.56,127,113,Coimbatore
T0778,26-12-2025,Groceries,Sugar,14,108.87,1524.18,470,456,Chennai
T0779,18-03-2025,Personal Care,Toothpaste,2,185.56,371.12,274,272,Trichy
T0780,07-12-2025,Frozen Foods,Frozen Pizza,7,248.51,1739.57,167,160,Trichy
T0781,06-12-2025,Bakery,Cookies,16,354.21,5667.36,415,399,Salem
T0782,08-01-2025,Beverages,Tea,10,304,3040,281,271,Salem
T0783,08-11-2025,Snacks,Chips,20,87.26,1745.2,448,428,Chennai
T0784,26-09-2025,Dairy,Milk,17,434.01,7378.17,109,92,Coimbatore
T0785,07-09-2025,Snacks,Biscuits,6,254.44,1526.64,155,149,Madurai
T0786,03-01-2025,Groceries,Wheat Flour,6,266.89,1601.34,275,269,Madurai
T0787,11-03-2025,Groceries,Salt,14,403.65,5651.1,368,354,Chennai
T0788,04-11-2025,Groceries,Rice,10,234.52,2345.2,359,349,Trichy
T0789,21-04-2025,Beverages,Tea,4,193.43,773.72,469,465,Chennai
T0790,19-04-2025,Groceries,Salt,18,296.33,5333.94,201,183,Coimbatore
T0791,01-05-2025,Snacks,Nuts,1,396.67,396.67,232,231,Chennai
T0792,15-01-2025,Beverages,Soft Drink,17,212.43,3611.31,339,322,Coimbatore
T0793,04-01-2025,Dairy,Butter,18,306.34,5514.12,84,66,Salem
T0794,25-02-2025,Bakery,Cake,14,142.24,1991.36,423,409,Trichy
T0795,02-06-2025,Personal Care,Toothpaste,16,420.18,6722.88,221,205,Chennai
T0796,15-07-2025,Dairy,Cheese,18,122.88,2211.84,57,39,Coimbatore
T0797,27-02-2025,Groceries,Rice,15,106.08,1591.2,185,170,Chennai
T0798,06-01-2025,Frozen Foods,Ice Cream,18,212.14,3818.52,128,110,Trichy
T0799,08-10-2025,Groceries,Sugar,18,124.61,2242.98,199,181,Salem
T0800,12-02-2025,Snacks,Chips,13,336.07,4368.91,120,107,Trichy
T0801,23-04-2025,Bakery,Cake,17,223.31,3796.27,121,104,Coimbatore
T0802,01-12-2025,Dairy,Yogurt,11,385.65,4242.15,52,41,Salem
T0803,10-12-2025,Snacks,Biscuits,3,264.65,793.95,321,318,Trichy
T0804,11-10-2025,Frozen Foods,Ice Cream,4,46.35,185.4,79,75,Trichy
T0805,16-12-2025,Groceries,Rice,11,231.97,2551.67,414,403,Madurai
T0806,24-07-2025,Beverages,Soft Drink,17,421.7,7168.9,67,50,Chennai
T0807,26-04-2025,Snacks,Nuts,7,301.6,2111.2,444,437,Coimbatore
T0808,27-01-2025,Groceries,Rice,14,96.78,1354.92,400,386,Chennai
T0809,03-04-2025,Personal Care,Toothpaste,1,368.1,368.1,72,71,Trichy
T0810,08-04-2025,Bakery,Cookies,9,497.16,4474.44,188,179,Trichy
T0811,18-03-2025,Frozen Foods,Frozen Peas,6,142.41,854.46,316,310,Salem
T0812,29-12-2025,Bakery,Cake,20,439.12,8782.4,441,421,Madurai
T0813,28-10-2025,Groceries,Salt,18,425.54,7659.72,232,214,Chennai
T0814,16-05-2025,Bakery,Muffin,6,21.28,127.68,477,471,Salem
T0815,06-10-2025,Personal Care,Lotion,5,297.04,1485.2,115,110,Coimbatore
T0816,13-11-2025,Personal Care,Shampoo,15,486.25,7293.75,205,190,Trichy
T0817,26-03-2025,Personal Care,Shampoo,9,54.71,492.39,433,424,Chennai
T0818,24-11-2025,Beverages,Tea,8,302.52,2420.16,158,150,Salem
T0819,04-01-2025,Beverages,Soft Drink,16,457.49,7319.84,180,164,Madurai
T0820,12-08-2025,Dairy,Yogurt,1,229.06,229.06,194,193,Madurai
T0821,04-11-2025,Personal Care,Lotion,2,265.8,531.6,493,491,Chennai
T0822,31-07-2025,Snacks,Biscuits,16,268.08,4289.28,250,234,Salem
T0823,17-08-2025,Personal Care,Soap,14,374.4,5241.6,310,296,Madurai
T0824,26-05-2025,Beverages,Juice,4,458.37,1833.48,269,265,Trichy
T0825,02-09-2025,Beverages,Tea,5,289.04,1445.2,490,485,Salem
T0826,18-09-2025,Dairy,Yogurt,7,324.45,2271.15,232,225,Coimbatore
T0827,10-10-2025,Beverages,Soft Drink,6,45.15,270.9,50,44,Trichy
T0828,17-11-2025,Groceries,Rice,18,295.06,5311.08,348,330,Trichy
T0829,02-04-2025,Groceries,Rice,15,387.91,5818.65,371,356,Coimbatore
T0830,09-02-2025,Frozen Foods,Frozen Pizza,14,226.22,3167.08,453,439,Coimbatore
T0831,23-01-2025,Snacks,Chips,15,242.33,3634.95,216,201,Coimbatore
T0832,04-03-2025,Groceries,Salt,11,148.49,1633.39,214,203,Madurai
T0833,30-08-2025,Groceries,Wheat Flour,11,448.44,4932.84,150,139,Chennai
T0834,05-02-2025,Beverages,Coffee,3,406.77,1220.31,497,494,Trichy
T0835,08-08-2025,Frozen Foods,Frozen Peas,11,22.63,248.93,273,262,Trichy
T0836,24-07-2025,Snacks,Nuts,13,425.4,5530.2,406,393,Salem
T0837,24-04-2025,Personal Care,Soap,16,163.72,2619.52,391,375,Trichy
T0838,29-03-2025,Personal Care,Soap,10,398.05,3980.5,313,303,Trichy
T0839,31-10-2025,Frozen Foods,Frozen Fries,20,406.29,8125.8,409,389,Chennai
T0840,13-11-2025,Snacks,Nuts,14,110.81,1551.34,237,223,Madurai
T0841,27-01-2025,Groceries,Sugar,11,147.92,1627.12,149,138,Chennai
T0842,15-03-2025,Personal Care,Shampoo,16,225.03,3600.48,350,334,Trichy
T0843,19-12-2025,Bakery,Cake,18,263.57,4744.26,207,189,Coimbatore
T0844,28-05-2025,Frozen Foods,Frozen Fries,10,297.58,2975.8,462,452,Madurai
T0845,17-08-2025,Frozen Foods,Frozen Pizza,7,170.46,1193.22,298,291,Madurai
T0846,15-06-2025,Groceries,Wheat Flour,12,354.27,4251.24,296,284,Coimbatore
T0847,28-05-2025,Frozen Foods,Frozen Peas,15,320.39,4805.85,347,332,Trichy
T0848,09-08-2025,Personal Care,Shampoo,6,328.28,1969.68,492,486,Madurai
T0849,09-08-2025,Dairy,Butter,10,398.07,3980.7,233,223,Trichy
T0850,26-11-2025,Bakery,Cake,16,250.37,4005.92,353,337,Coimbatore
T0851,11-07-2025,Personal Care,Lotion,19,464.46,8824.74,301,282,Salem
T0852,10-09-2025,Snacks,Nuts,12,100.05,1200.6,152,140,Madurai
T0853,07-11-2025,Bakery,Muffin,4,57.99,231.96,348,344,Coimbatore
T0854,13-10-2025,Beverages,Tea,3,294.46,883.38,50,47,Trichy
T0855,03-06-2025,Personal Care,Soap,17,413.88,7035.96,319,302,Salem
T0856,19-01-2025,Groceries,Wheat Flour,6,474.01,2844.06,298,292,Chennai
T0857,28-01-2025,Beverages,Coffee,10,455.41,4554.1,472,462,Salem
T0858,31-08-2025,Personal Care,Soap,2,39.55,79.1,320,318,Madurai
T0859,29-03-2025,Frozen Foods,Frozen Pizza,9,405.13,3646.17,91,82,Coimbatore
T0860,17-07-2025,Personal Care,Shampoo,1,121.02,121.02,343,342,Madurai
T0861,15-11-2025,Personal Care,Lotion,7,212.95,1490.65,83,76,Coimbatore
T0862,19-11-2025,Groceries,Sugar,18,420.71,7572.78,160,142,Salem
T0863,04-12-2025,Personal Care,Toothpaste,3,224.5,673.5,96,93,Trichy
T0864,30-01-2025,Bakery,Muffin,11,235.57,2591.27,310,299,Chennai
T0865,12-06-2025,Bakery,Cake,10,125.02,1250.2,58,48,Salem
T0866,12-11-2025,Beverages,Coffee,15,420.81,6312.15,199,184,Trichy
T0867,02-05-2025,Bakery,Cookies,7,417.99,2925.93,334,327,Trichy
T0868,30-03-2025,Bakery,Bread,11,386.69,4253.59,73,62,Chennai
T0869,19-08-2025,Personal Care,Toothpaste,17,319.71,5435.07,469,452,Salem
T0870,12-08-2025,Dairy,Milk,10,217.81,2178.1,109,99,Madurai
T0871,23-07-2025,Bakery,Muffin,6,329.85,1979.1,117,111,Coimbatore
T0872,23-04-2025,Groceries,Wheat Flour,18,137.16,2468.88,432,414,Trichy
T0873,17-02-2025,Frozen Foods,Ice Cream,13,245.63,3193.19,345,332,Madurai
T0874,19-06-2025,Personal Care,Shampoo,9,71.23,641.07,443,434,Chennai
T0875,11-11-2025,Bakery,Muffin,19,143.22,2721.18,257,238,Madurai
T0876,06-05-2025,Dairy,Milk,12,137.09,1645.08,234,222,Madurai
T0877,25-10-2025,Bakery,Muffin,5,80.91,404.55,293,288,Coimbatore
T0878,11-01-2025,Snacks,Biscuits,1,248.13,248.13,477,476,Chennai
T0879,08-07-2025,Bakery,Cake,8,436.02,3488.16,223,215,Salem
T0880,08-11-2025,Beverages,Coffee,6,102.41,614.46,64,58,Madurai
T0881,06-06-2025,Bakery,Cake,6,95.38,572.28,335,329,Chennai
T0882,16-09-2025,Snacks,Biscuits,10,263.91,2639.1,163,153,Salem
T0883,18-06-2025,Personal Care,Lotion,17,356.13,6054.21,207,190,Chennai
T0884,18-10-2025,Dairy,Milk,8,491.89,3935.12,242,234,Coimbatore
T0885,10-07-2025,Dairy,Milk,19,313.14,5949.66,149,130,Trichy
T0886,08-10-2025,Dairy,Cheese,13,373.17,4851.21,236,223,Chennai
T0887,01-02-2025,Beverages,Juice,18,266.57,4798.26,437,419,Madurai
T0888,06-05-2025,Bakery,Bread,13,270.7,3519.1,499,486,Coimbatore
T0889,15-10-2025,Dairy,Butter,1,123.84,123.84,126,125,Chennai
T0890,12-08-2025,Personal Care,Lotion,4,439.32,1757.28,155,151,Madurai
T0891,22-07-2025,Snacks,Nuts,17,42.08,715.36,119,102,Trichy
T0892,03-03-2025,Bakery,Cookies,7,294.69,2062.83,101,94,Salem
T0893,05-10-2025,Beverages,Tea,12,390.1,4681.2,301,289,Salem
T0894,19-02-2025,Dairy,Butter,5,291.17,1455.85,434,429,Coimbatore
T0895,01-01-2026,Dairy,Butter,15,382.91,5743.65,263,248,Madurai
T0896,02-02-2025,Snacks,Biscuits,1,84.84,84.84,413,412,Chennai
T0897,02-05-2025,Frozen Foods,Ice Cream,15,34.6,519,494,479,Salem
T0898,13-09-2025,Beverages,Coffee,2,38.89,77.78,372,370,Madurai
T0899,18-01-2025,Personal Care,Lotion,7,355.32,2487.24,221,214,Chennai
T0900,20-05-2025,Personal Care,Lotion,18,130.28,2345.04,182,164,Madurai
T0901,16-11-2025,Dairy,Butter,4,99.68,398.72,471,467,Madurai
T0902,26-02-2025,Beverages,Juice,5,297.12,1485.6,305,300,Trichy
T0903,20-10-2025,Beverages,Coffee,7,49.53,346.71,101,94,Madurai
T0904,06-03-2025,Personal Care,Lotion,12,194.86,2338.32,318,306,Madurai
T0905,08-05-2025,Groceries,Salt,11,433.57,4769.27,65,54,Coimbatore
T0906,21-12-2025,Beverages,Soft Drink,2,64.84,129.68,212,210,Trichy
T0907,02-08-2025,Bakery,Cake,9,159.74,1437.66,146,137,Chennai
T0908,11-09-2025,Frozen Foods,Frozen Peas,3,187,561,180,177,Trichy
T0909,26-03-2025,Frozen Foods,Frozen Fries,4,242.92,971.68,92,88,Madurai
T0910,20-04-2025,Personal Care,Shampoo,20,434.52,8690.4,417,397,Salem
T0911,06-06-2025,Dairy,Yogurt,20,395.57,7911.4,89,69,Madurai
T0912,14-08-2025,Bakery,Cookies,14,48.87,684.18,252,238,Chennai
T0913,20-11-2025,Frozen Foods,Ice Cream,13,28.91,375.83,437,424,Coimbatore
T0914,23-10-2025,Beverages,Soft Drink,18,36.86,663.48,290,272,Salem
T0915,29-08-2025,Groceries,Salt,12,321.33,3855.96,188,176,Chennai
T0916,24-11-2025,Frozen Foods,Frozen Fries,15,479.62,7194.3,181,166,Trichy
T0917,16-07-2025,Beverages,Tea,5,108.43,542.15,185,180,Chennai
T0918,08-07-2025,Bakery,Cookies,13,483.4,6284.2,99,86,Trichy
T0919,30-11-2025,Dairy,Cheese,5,319.51,1597.55,130,125,Coimbatore
T0920,19-10-2025,Snacks,Biscuits,15,60.14,902.1,364,349,Coimbatore
T0921,12-10-2025,Beverages,Soft Drink,19,410.89,7806.91,423,404,Chennai
T0922,11-02-2025,Snacks,Chips,20,447.24,8944.8,413,393,Madurai
T0923,27-10-2025,Beverages,Soft Drink,12,81.72,980.64,170,158,Chennai
T0924,25-04-2025,Personal Care,Lotion,8,449.37,3594.96,423,415,Coimbatore
T0925,17-03-2025,Personal Care,Soap,1,245.88,245.88,152,151,Chennai
T0926,11-05-2025,Personal Care,Toothpaste,6,172.58,1035.48,208,202,Salem
T0927,22-03-2025,Groceries,Rice,14,47.87,670.18,134,120,Madurai
T0928,12-07-2025,Bakery,Bread,3,193.87,581.61,369,366,Madurai
T0929,23-08-2025,Frozen Foods,Frozen Pizza,17,252.87,4298.79,288,271,Trichy
T0930,05-01-2025,Personal Care,Shampoo,11,492.95,5422.45,266,255,Chennai
T0931,16-12-2025,Beverages,Coffee,11,226.46,2491.06,201,190,Trichy
T0932,13-10-2025,Beverages,Soft Drink,11,299.62,3295.82,266,255,Coimbatore
T0933,24-02-2025,Personal Care,Soap,13,425.62,5533.06,169,156,Chennai
T0934,07-06-2025,Beverages,Tea,9,288.53,2596.77,229,220,Chennai
T0935,27-06-2025,Groceries,Salt,7,189.43,1326.01,198,191,Salem
T0936,12-12-2025,Dairy,Butter,19,422.86,8034.34,138,119,Salem
T0937,10-09-2025,Personal Care,Lotion,18,290.47,5228.46,135,117,Chennai
T0938,09-05-2025,Bakery,Bread,14,355.78,4980.92,452,438,Trichy
T0939,12-10-2025,Dairy,Cheese,5,485.83,2429.15,332,327,Chennai
T0940,25-04-2025,Groceries,Wheat Flour,19,230.28,4375.32,337,318,Madurai
T0941,04-06-2025,Bakery,Cookies,20,303.87,6077.4,124,104,Madurai
T0942,24-05-2025,Personal Care,Soap,9,96.16,865.44,375,366,Madurai
T0943,30-12-2025,Groceries,Salt,12,132.94,1595.28,194,182,Coimbatore
T0944,22-03-2025,Snacks,Biscuits,6,217.96,1307.76,225,219,Chennai
T0945,04-12-2025,Groceries,Salt,2,320.21,640.42,128,126,Coimbatore
T0946,13-12-2025,Frozen Foods,Frozen Peas,12,148.98,1787.76,384,372,Madurai
T0947,21-04-2025,Frozen Foods,Ice Cream,20,206.38,4127.6,370,350,Madurai
T0948,17-08-2025,Beverages,Soft Drink,1,252.44,252.44,206,205,Chennai
T0949,25-11-2025,Personal Care,Toothpaste,14,396.88,5556.32,87,73,Salem
T0950,12-01-2025,Personal Care,Soap,14,334.19,4678.66,462,448,Trichy
T0951,26-10-2025,Dairy,Butter,11,320.52,3525.72,392,381,Coimbatore
T0952,08-06-2025,Bakery,Cookies,3,464.06,1392.18,421,418,Chennai
T0953,09-12-2025,Beverages,Soft Drink,6,457.54,2745.24,130,124,Coimbatore
T0954,03-05-2025,Bakery,Cake,18,493.51,8883.18,109,91,Chennai
T0955,30-07-2025,Bakery,Muffin,3,302.69,908.07,74,71,Chennai
T0956,27-01-2025,Snacks,Biscuits,15,254.55,3818.25,105,90,Trichy
T0957,04-04-2025,Groceries,Salt,10,442.67,4426.7,208,198,Salem
T0958,05-02-2025,Bakery,Cookies,1,151.25,151.25,497,496,Coimbatore
T0959,12-05-2025,Personal Care,Lotion,13,233.81,3039.53,430,417,Chennai
T0960,16-05-2025,Personal Care,Lotion,7,449.31,3145.17,403,396,Coimbatore
T0961,20-12-2025,Beverages,Soft Drink,11,294.14,3235.54,252,241,Madurai
T0962,03-10-2025,Beverages,Coffee,7,439.31,3075.17,352,345,Chennai
T0963,05-12-2025,Bakery,Muffin,1,257.33,257.33,452,451,Salem
T0964,08-07-2025,Groceries,Rice,19,462.87,8794.53,440,421,Trichy
T0965,22-11-2025,Personal Care,Lotion,20,299.75,5995,162,142,Coimbatore
T0966,20-01-2025,Frozen Foods,Frozen Fries,12,20.77,249.24,336,324,Coimbatore
T0967,17-02-2025,Dairy,Milk,11,168.21,1850.31,392,381,Trichy
T0968,02-01-2025,Groceries,Wheat Flour,2,189.09,378.18,197,195,Madurai
T0969,20-01-2025,Groceries,Rice,6,169.9,1019.4,447,441,Trichy
T0970,15-04-2025,Snacks,Nuts,18,419.92,7558.56,477,459,Chennai
T0971,12-04-2025,Bakery,Bread,5,367.8,1839,266,261,Salem
T0972,10-05-2025,Groceries,Sugar,1,327.97,327.97,392,391,Coimbatore
T0973,10-12-2025,Personal Care,Lotion,19,300.5,5709.5,369,350,Trichy
T0974,18-11-2025,Bakery,Muffin,7,470.35,3292.45,467,460,Trichy
T0975,07-05-2025,Bakery,Cookies,16,426.07,6817.12,305,289,Madurai
T0976,14-07-2025,Personal Care,Lotion,10,275.62,2756.2,295,285,Madurai
T0977,02-08-2025,Frozen Foods,Frozen Pizza,11,191.98,2111.78,431,420,Chennai
T0978,03-08-2025,Groceries,Salt,18,408.24,7348.32,468,450,Salem
T0979,24-11-2025,Personal Care,Toothpaste,9,131.78,1186.02,208,199,Trichy
T0980,16-11-2025,Personal Care,Toothpaste,14,148.59,2080.26,323,309,Chennai
T0981,17-12-2025,Frozen Foods,Frozen Pizza,14,357.32,5002.48,295,281,Coimbatore
T0982,22-06-2025,Dairy,Yogurt,3,54.84,164.52,225,222,Madurai
T0983,09-02-2025,Dairy,Butter,13,371.74,4832.62,303,290,Trichy
T0984,26-02-2025,Personal Care,Toothpaste,9,98.13,883.17,239,230,Salem
T0985,19-04-2025,Dairy,Milk,7,148.22,1037.54,368,361,Madurai
T0986,25-12-2025,Frozen Foods,Frozen Pizza,8,368.42,2947.36,472,464,Trichy
T0987,06-11-2025,Personal Care,Toothpaste,9,47.35,426.15,368,359,Trichy
T0988,22-09-2025,Frozen Foods,Frozen Fries,5,161.89,809.45,462,457,Madurai
T0989,02-10-2025,Groceries,Rice,15,439.01,6585.15,382,367,Chennai
T0990,20-12-2025,Dairy,Milk,15,489.81,7347.15,430,415,Chennai
T0991,23-07-2025,Groceries,Rice,15,443.44,6651.6,191,176,Salem
T0992,30-05-2025,Snacks,Nuts,1,417.53,417.53,425,424,Salem
T0993,26-03-2025,Dairy,Butter,8,214.19,1713.52,355,347,Trichy
T0994,09-10-2025,Beverages,Soft Drink,16,109.48,1751.68,184,168,Trichy
T0995,18-10-2025,Frozen Foods,Frozen Peas,14,354.49,4962.86,149,135,Coimbatore
T0996,10-11-2025,Personal Care,Toothpaste,2,380.31,760.62,303,301,Chennai
T0997,10-01-2025,Personal Care,Soap,15,466.94,7004.1,217,202,Madurai
T0998,31-10-2025,Personal Care,Soap,13,403.43,5244.59,250,237,Coimbatore
T0999,02-06-2025,Bakery,Muffin,20,148.86,2977.2,450,430,Chennai
T1000,23-11-2025,Groceries,Salt,18,48.02,864.36,53,35,Salem
